Map Name,Personal Best,Rank,Bonus,Date,Start Speed
surf_004_fix,00:04.7813,91,1,2018-09-30 21:21:50,489 u/s
surf_1day,00:05.5078,45,1,2019-08-12 18:47:39,500 u/s
surf_25_lighters,00:17.2852,13,1,2017-12-03 21:46:43,499 u/s
surf_25_lighters,00:11.0742,18,4,2019-06-08 12:53:43,-1 u/s
surf_25_lighters,00:07.9570,31,5,2019-06-08 12:57:23,-1 u/s
surf_29palms,00:03.8906,18,1,2021-04-02 10:39:10,384 u/s
surf_29palms,00:25.3594,2,2,2021-04-02 05:33:50,404 u/s
surf_2pacisalive,00:17.7422,42,1,2019-07-21 21:39:13,560 u/s
surf_4dimensional,01:02.5195,1,1,2018-02-05 15:41:57,489 u/s
surf_4head_csgo,00:15.1641,143,1,2017-11-06 20:32:56,397 u/s
surf_4head_csgo,00:25.2305,63,2,2018-03-25 22:57:48,-1 u/s
surf_4head_csgo,00:18.5391,10,3,2018-03-25 22:45:07,-1 u/s
surf_6,00:07.3008,74,1,2017-11-26 22:30:02,463 u/s
surf_666,00:13.9805,89,1,2018-01-29 15:48:13,483 u/s
surf_666,00:12.4570,25,2,2021-06-04 08:03:31,499 u/s
surf_666,00:06.8672,3,3,2019-04-08 14:03:48,467 u/s
surf_666,00:14.4961,13,4,2019-10-09 00:32:44,495 u/s
surf_666,00:22.1953,13,5,2018-07-06 22:00:58,444 u/s
surf_666,00:21.8203,117,6,2018-05-21 17:41:57,453 u/s
surf_abandoned,00:25.9453,17,1,2023-03-04 01:02:08,516 u/s
surf_abandoned,00:27.8789,9,4,2023-03-04 00:59:27,-1 u/s
surf_abstract_final,00:07.5352,24,1,2017-10-25 20:46:44,419 u/s
surf_abstract_final,00:09.1055,75,2,2017-10-25 20:53:42,395 u/s
surf_ace_fix,00:16.4648,28,1,2019-10-07 15:02:26,500 u/s
surf_activation,00:22.1367,8,1,2020-03-25 10:37:44,507 u/s
surf_activation,00:13.6055,47,2,2020-09-28 23:18:48,509 u/s
surf_adtr_njv,00:07.6172,29,1,2019-03-28 00:18:16,611 u/s
surf_advanced,00:09.8438,44,1,2019-07-27 01:11:24,507 u/s
surf_adventure_final,00:06.5859,34,1,2018-05-15 05:33:32,456 u/s
surf_adventure_final,00:06.7734,37,2,2018-05-15 05:33:47,456 u/s
surf_adventure_final,00:06.5391,34,3,2018-05-15 05:50:23,456 u/s
surf_adventure_final,00:09.1406,27,4,2018-05-15 05:37:07,456 u/s
surf_adventure_final,00:06.7031,53,5,2018-05-15 05:32:21,-1 u/s
surf_adventure_final,00:09.1758,68,6,2018-05-15 05:38:48,456 u/s
surf_adventure_final,00:08.0039,4,7,2020-07-22 08:57:59,-1 u/s
surf_agony_go,00:11.2617,33,1,2022-07-14 21:39:44,486 u/s
surf_aircontrol_ksf__,00:12.6445,111,1,2018-02-11 17:24:10,485 u/s
surf_ameliorate,00:14.0508,11,1,2020-09-15 02:44:01,499 u/s
surf_ameliorate,00:10.5234,28,2,2019-01-26 01:09:23,-1 u/s
surf_amir,00:13.0195,5,1,2021-01-09 02:06:00,491 u/s
surf_android_csgo,00:07.1250,10,1,2019-12-03 00:58:38,509 u/s
surf_android_csgo,00:04.3359,6,2,2019-12-03 01:05:01,508 u/s
surf_andromeda,00:13.0664,372,1,2018-08-30 18:57:03,500 u/s
surf_and_destroy,00:14.3203,11,1,2017-12-23 21:07:20,474 u/s
surf_anoobis,00:20.4844,6,4,2022-07-18 15:38:08,1718 u/s
surf_anoobis,00:09.6328,4,10,2022-07-16 17:26:09,486 u/s
surf_antimatter2,00:10.0664,8,3,2022-10-09 05:57:20,380 u/s
surf_anubis,00:15.0469,9,1,2021-12-14 08:57:36,505 u/s
surf_anubis,00:22.5820,6,2,2021-12-14 09:20:34,510 u/s
surf_anubis,00:16.3594,4,3,2021-10-23 15:35:55,0 u/s
surf_anubis,00:06.0352,9,4,2021-12-14 09:27:08,510 u/s
surf_anubis,00:11.8359,6,5,2021-10-23 15:55:24,0 u/s
surf_anubis,00:16.3945,3,8,2021-12-14 10:23:41,208 u/s
surf_anubis,00:07.0781,34,9,2021-12-14 10:25:16,208 u/s
surf_anything,00:10.4414,67,1,2020-02-06 19:18:38,487 u/s
surf_aphelion,00:33.4688,1,6,2022-03-24 20:12:59,-1 u/s
surf_apollo,00:29.4258,2,3,2022-04-06 22:38:26,-1 u/s
surf_aquaflow,00:09.6445,24,1,2021-10-09 02:21:17,501 u/s
surf_aquaflow,00:20.0508,13,2,2022-11-26 21:50:28,461 u/s
surf_aqua_fix,00:12.9258,8,1,2021-06-25 11:56:36,509 u/s
surf_arcade,00:14.8945,9,1,2021-03-01 08:18:36,518 u/s
surf_ardon_refix,00:13.1836,5,1,2022-10-09 23:33:05,508 u/s
surf_ardon_refix,00:19.4297,25,2,2019-05-26 00:55:21,495 u/s
surf_ardon_refix,00:13.2070,24,4,2019-05-26 01:07:48,495 u/s
surf_ardon_refix,00:11.1328,2,5,2020-10-17 11:12:46,-1 u/s
surf_artifex,00:17.1211,6,1,2017-11-22 05:17:53,472 u/s
surf_artois,00:10.3477,15,2,2022-05-12 17:17:55,509 u/s
surf_artois,00:18.1289,6,3,2022-05-12 17:11:55,509 u/s
surf_artois,00:11.8828,25,4,2022-05-12 17:25:29,509 u/s
surf_aser,00:05.8594,65,1,2022-12-28 21:11:15,495 u/s
surf_atrium,00:08.2148,416,1,2017-12-03 12:41:13,472 u/s
surf_aura,00:10.8164,72,1,2021-12-20 06:51:19,488 u/s
surf_aura,00:11.8359,42,2,2021-12-20 06:54:41,508 u/s
surf_aura,00:12.2227,81,3,2021-12-20 06:56:16,508 u/s
surf_aura,00:12.1758,27,4,2021-12-20 07:08:04,-1 u/s
surf_aura,00:11.1445,5,5,2021-12-20 07:23:35,-1 u/s
surf_aura,00:14.5430,7,6,2021-12-20 07:37:37,-1 u/s
surf_auroia_njv,00:09.2695,11,1,2019-10-22 02:23:08,520 u/s
surf_auroria_2,00:11.9766,13,1,2018-09-11 23:09:35,396 u/s
surf_autism,00:07.6992,4,1,2019-09-05 18:10:38,494 u/s
surf_autism,00:12.6328,30,2,2018-12-25 16:21:16,-1 u/s
surf_autism_2,00:04.1953,3,1,2018-12-21 03:01:30,501 u/s
surf_autonomy,00:13.2070,1,1,2021-08-17 05:11:03,605 u/s
surf_aux,00:11.1680,11,2,2019-03-06 20:06:17,362 u/s
surf_axiom2,00:23.4258,2,1,2019-02-21 14:18:30,604 u/s
surf_banana,00:10.0547,5,1,2022-09-25 19:14:18,492 u/s
surf_banger,00:12.7031,8,1,2022-01-22 14:04:55,509 u/s
surf_beginner2,00:19.5469,1,1,2020-10-27 14:43:33,506 u/s
surf_beginner2,00:04.5469,7,2,2021-06-08 12:06:28,513 u/s
surf_beginner2,00:08.9063,7,3,2021-06-08 11:50:28,513 u/s
surf_beginner2,00:12.3984,2,4,2020-03-17 04:38:48,516 u/s
surf_beginner_hell,00:14.2617,6,1,2019-12-25 16:33:51,516 u/s
surf_believe_fix,00:17.1094,2,1,2020-09-22 00:03:58,509 u/s
surf_believe_fix,00:06.0469,37,2,2018-03-21 21:00:07,474 u/s
surf_believe_fix,00:15.7617,14,3,2018-03-27 00:13:10,-1 u/s
surf_beneath,00:18.7266,5,1,2023-02-04 15:30:30,370 u/s
surf_benevolent,00:12.1172,36,1,2018-02-13 13:17:19,490 u/s
surf_beverages_remix_go,00:24.1523,843,1,2018-01-20 14:51:15,463 u/s
surf_beverages_remix_go,00:11.7305,62,3,2018-01-20 14:50:44,486 u/s
surf_beyer2,00:17.2617,52,1,2018-02-24 17:49:29,510 u/s
surf_beyer2,00:19.9688,48,2,2018-02-24 17:19:00,476 u/s
surf_beyer2,00:25.1602,47,3,2018-01-29 15:30:08,-1 u/s
surf_beyer2,00:15.8438,48,4,2018-02-24 17:21:43,476 u/s
surf_beyer2,00:15.0820,11,5,2019-07-22 04:06:22,-1 u/s
surf_beyond,00:16.8047,104,1,2019-10-06 16:22:45,492 u/s
surf_beyond,00:19.9805,22,2,2019-10-06 16:55:33,492 u/s
surf_bob,00:10.9688,16,1,2020-10-06 01:39:13,363 u/s
surf_bonkers_v2,00:02.2969,55,1,2019-08-22 01:27:06,356 u/s
surf_bonkers_v2,00:06.5273,30,3,2020-10-25 12:17:26,-1 u/s
surf_boomer,00:09.5391,14,1,2023-01-06 17:19:47,517 u/s
surf_botanica,00:05.4141,10,4,2023-04-08 20:30:39,501 u/s
surf_boy_fixed,00:12.9141,3,2,2021-04-02 15:45:10,432 u/s
surf_boy_fixed,00:13.8867,13,3,2021-02-21 16:46:09,379 u/s
surf_brodderlands,00:10.1250,12,1,2022-06-01 21:57:20,493 u/s
surf_brother,00:15.2578,9,1,2022-11-10 22:23:52,493 u/s
surf_brother,00:11.7891,1,2,2022-11-12 19:37:18,0 u/s
surf_brother,00:18.4570,4,4,2022-11-12 19:00:30,0 u/s
surf_bullet_csgo,00:14.5195,5,1,2019-09-28 17:37:25,505 u/s
surf_bumpybusride,02:04.1602,224,1,2018-05-25 21:10:29,500 u/s
surf_caged,00:03.2695,8,1,2022-07-08 17:50:51,454 u/s
surf_caged,00:10.3008,12,2,2022-07-04 21:25:12,511 u/s
surf_caged,00:06.7500,5,3,2022-07-04 20:38:47,368 u/s
surf_caged,00:07.9102,6,4,2022-07-04 20:41:43,368 u/s
surf_calibration,01:19.9102,1,1,2019-07-05 06:53:16,422 u/s
surf_calycate2,00:11.3320,159,1,2017-11-09 10:18:41,480 u/s
surf_calycate_ksf,00:08.1445,62,1,2018-09-24 20:01:42,461 u/s
surf_calzone,00:08.0625,25,1,2019-01-13 20:07:35,614 u/s
surf_castlewalls,00:11.2852,15,1,2023-01-24 12:44:15,481 u/s
surf_castlewalls,00:12.7852,6,2,2023-01-24 12:48:22,481 u/s
surf_cavemissile_fix,00:16.2773,35,2,2021-06-07 10:25:05,-1 u/s
surf_cavemissile_fix,01:06.0703,573,4,2019-09-10 22:18:08,486 u/s
surf_cement,00:19.9570,6,2,2022-10-11 07:45:38,999 u/s
surf_cement,00:09.6094,89,3,2020-02-10 07:11:47,502 u/s
surf_cement,00:13.1719,22,5,2020-02-10 07:01:27,502 u/s
surf_cement,00:14.2500,20,6,2022-04-21 20:57:57,499 u/s
surf_cement,00:29.1328,3,7,2022-04-21 21:35:53,499 u/s
surf_chasm_go,00:11.6602,10,1,2021-03-20 15:17:14,500 u/s
surf_chasm_go,00:06.3750,7,2,2021-03-20 14:53:48,492 u/s
surf_chasm_go,00:07.6875,11,3,2021-03-20 15:03:26,492 u/s
surf_chasm_go,00:09.5625,11,4,2018-08-04 03:54:55,443 u/s
surf_chateau_fix,00:14.1914,20,1,2018-12-18 21:07:00,388 u/s
surf_christmas_fix,00:14.3906,7,2,2019-12-07 23:06:08,-1 u/s
surf_cinnamon,00:16.5234,9,1,2018-06-25 15:49:05,506 u/s
surf_cinnamon,00:13.3711,14,2,2022-04-22 21:03:50,315 u/s
surf_cinnamon,00:06.8438,41,3,2018-06-22 20:40:05,495 u/s
surf_classics3,00:09.8438,37,1,2019-07-17 16:36:57,508 u/s
surf_classics3,00:15.1289,155,2,2019-07-17 16:30:40,-1 u/s
surf_classics3,00:07.7227,34,3,2019-12-06 04:27:10,495 u/s
surf_classics3,00:18.4336,104,4,2019-12-06 04:50:01,495 u/s
surf_classics3,00:12.9844,2,5,2022-06-04 20:31:36,-1 u/s
surf_classics3,00:03.2578,19,6,2021-03-05 22:16:20,-1 u/s
surf_classics3,00:08.8125,107,7,2019-12-06 05:01:33,495 u/s
surf_classics3,00:13.9336,12,8,2019-08-07 19:56:56,-1 u/s
surf_classics3,00:20.8945,1,9,2021-12-05 02:05:28,0 u/s
surf_classics3,00:24.1758,7,11,2018-10-15 14:01:50,9 u/s
surf_color_njv,00:15.7617,5,1,2019-04-20 22:50:35,605 u/s
surf_colum_2,00:19.4180,12,1,2021-03-06 03:47:07,600 u/s
surf_commune_too_beta5,00:11.5078,35,1,2018-09-27 21:23:22,482 u/s
surf_commune_too_beta5,00:04.6172,22,2,2018-09-27 21:31:35,479 u/s
surf_concreteideas,00:22.6992,22,1,2020-11-20 08:51:17,497 u/s
surf_construction,00:07.3242,18,1,2018-09-16 15:12:23,468 u/s
surf_coralis_ksf-,00:13.5586,18,1,2021-01-09 12:45:26,507 u/s
surf_coralis_ksf-,00:15.8789,30,2,2017-12-04 07:13:38,496 u/s
surf_core_fix,00:16.0781,6,3,2018-10-27 23:40:46,-1 u/s
surf_corruption,00:27.7500,4,5,2020-03-01 02:35:07,371 u/s
surf_cosmo_go,00:11.6719,13,1,2022-03-24 12:32:35,496 u/s
surf_crackdesert_evo2,00:09.2461,30,1,2022-08-12 15:44:52,496 u/s
surf_crackdesert_evo2,00:15.4102,9,2,2020-12-27 13:33:16,512 u/s
surf_crimson,00:20.2383,6,1,2022-02-02 10:43:55,515 u/s
surf_crownroyal,00:12.9375,125,1,2018-05-21 17:11:43,470 u/s
surf_crownroyal,00:13.6875,8,2,2020-12-22 09:01:26,505 u/s
surf_crownroyal,00:13.5117,135,3,2018-05-21 17:14:12,462 u/s
surf_crystal,00:05.5781,2,1,2020-10-30 15:08:29,495 u/s
surf_cyberwave,00:13.6992,24,1,2023-04-16 13:11:35,405 u/s
surf_cyka_ksf,00:15.7969,1,2,2021-12-30 04:17:10,495 u/s
surf_death_of_a_martian,00:06.7383,32,1,2018-12-18 16:17:36,498 u/s
surf_deceptive_final,00:15.0469,18,1,2019-03-22 00:15:59,458 u/s
surf_decked,00:14.7656,12,1,2018-12-22 01:10:14,493 u/s
surf_delight_go,00:21.0000,10,1,2018-09-08 20:08:31,476 u/s
surf_delight_go,00:17.4727,4,2,2018-09-08 16:46:20,510 u/s
surf_delight_go,00:21.4336,8,3,2018-09-13 18:02:15,487 u/s
surf_depths,00:12.8203,39,1,2017-11-22 14:17:51,481 u/s
surf_desolate,00:19.3008,18,1,2018-12-25 16:08:52,487 u/s
surf_desolate,00:22.2305,54,3,2018-12-25 16:13:30,487 u/s
surf_devs,00:20.9063,20,1,2023-01-24 16:57:38,499 u/s
surf_devs,00:15.9727,1,2,2023-01-24 17:21:29,499 u/s
surf_dhyana_csgo,00:12.9258,7,1,2022-04-23 17:26:26,472 u/s
surf_dhyana_csgo,00:12.9609,7,2,2020-08-19 09:40:07,497 u/s
surf_diamond_beta1,00:11.9297,5,1,2021-12-30 07:35:34,510 u/s
surf_diminsion_,00:12.4453,5,1,2018-07-22 17:49:31,385 u/s
surf_diminsion_,00:06.1406,11,2,2018-07-22 17:21:40,-1 u/s
surf_diverge,00:15.5508,15,1,2020-09-21 09:21:54,511 u/s
surf_dojo_,00:10.5703,36,1,2023-03-18 14:15:44,502 u/s
surf_dojo_,00:14.3906,6,4,2023-04-10 21:10:02,-1 u/s
surf_doodles_njv,00:32.7188,2,1,2020-09-20 22:25:12,513 u/s
surf_dragon,04:50.1445,2,1,2021-11-28 09:49:24,590 u/s
surf_dreams,00:08.5547,3,1,2022-07-29 17:26:36,498 u/s
surf_drifting_go,00:09.1992,38,1,2018-09-19 20:35:47,490 u/s
surf_driftless_go,00:10.1367,39,1,2018-09-19 17:53:58,481 u/s
surf_duggywuggy,00:18.1875,35,1,2017-11-22 00:29:09,494 u/s
surf_dusk,00:16.9805,30,1,2019-12-10 03:29:11,443 u/s
surf_dynamics_fixed,00:10.8164,22,1,2017-12-15 17:00:31,494 u/s
surf_easy2,00:06.0703,33,3,2020-10-26 14:24:02,499 u/s
surf_easy2,00:06.6211,39,4,2020-10-26 14:26:54,499 u/s
surf_echo,00:04.6172,13,1,2022-07-14 22:37:03,383 u/s
surf_echo,00:20.2148,19,2,2022-07-14 22:42:53,392 u/s
surf_echo,00:15.7852,3,3,2022-07-14 22:53:07,383 u/s
surf_edge,00:19.2539,4,2,2020-01-24 07:06:11,-1 u/s
surf_elysium,00:19.6055,19,1,2020-07-29 00:03:24,501 u/s
surf_elysium2,00:27.3867,2,1,2018-08-10 21:07:32,489 u/s
surf_ember2,00:14.3086,1,2,2020-12-14 11:49:50,-1 u/s
surf_endeavor,00:13.9688,8,1,2023-01-24 20:02:36,503 u/s
surf_endeavor,00:09.1172,2,2,2023-01-24 20:10:26,527 u/s
surf_enlightened,00:33.6797,60,2,2022-07-04 21:34:20,101 u/s
surf_enlightened,00:18.5742,283,3,2022-07-04 21:34:55,101 u/s
surf_enlightened,00:17.4961,41,6,2022-07-04 21:37:42,101 u/s
surf_enlightened,00:14.0156,5,7,2021-03-25 07:27:17,424 u/s
surf_enlightened,00:28.3125,3,8,2021-03-26 15:38:54,-1 u/s
surf_epicube_ksf,00:21.3398,19,1,2020-01-09 22:10:34,496 u/s
surf_epicube_ksf,00:21.8906,19,2,2017-12-13 19:15:09,-1 u/s
surf_epiphany,00:07.8164,2,1,2019-12-23 23:32:30,591 u/s
surf_epiphany,00:20.9531,36,2,2019-12-22 21:54:35,567 u/s
surf_epiphany,00:13.1016,32,3,2019-12-22 23:55:05,480 u/s
surf_epiphany,00:16.8750,37,4,2019-12-22 21:48:47,567 u/s
surf_epithet,00:14.7539,45,2,2018-04-27 18:27:02,499 u/s
surf_escape_final,00:09.4922,4,1,2019-03-13 23:59:55,493 u/s
surf_ethereal,00:12.0000,5,1,2017-11-05 10:33:29,321 u/s
surf_ethereal,00:15.3633,190,2,2018-12-31 23:19:00,260 u/s
surf_eventide,01:09.2695,135,1,2023-01-17 20:06:19,508 u/s
surf_execute,00:16.2656,6,2,2019-02-20 13:23:44,499 u/s
surf_execute,00:12.5156,18,3,2019-02-20 13:38:07,499 u/s
surf_extend,00:12.5508,9,2,2023-05-03 19:37:22,1983 u/s
surf_extend,00:14.4141,4,3,2023-05-03 19:13:35,1983 u/s
surf_extrodinaire_3,00:03.2227,949,1,2019-07-21 22:05:42,441 u/s
surf_exurbia2_csgo,00:09.7031,19,1,2018-09-09 14:45:28,494 u/s
surf_exurbia_v2,00:06.5859,225,1,2017-10-27 19:22:02,491 u/s
surf_ezclap,00:15.4219,57,1,2018-05-27 18:28:18,489 u/s
surf_fabas,00:24.1992,32,1,2020-03-09 08:25:31,502 u/s
surf_faint_fix,00:05.5781,9,1,2018-09-28 23:05:37,460 u/s
surf_faint_fix,00:07.6523,11,2,2018-09-28 23:10:05,468 u/s
surf_fast,00:51.3750,10,1,2018-05-08 18:17:59,321 u/s
surf_fast,00:22.1367,2,2,2019-02-27 19:54:57,4875 u/s
surf_fathom,00:05.3320,22,1,2022-04-02 19:39:54,517 u/s
surf_fiellu,00:45.4570,17,1,2021-06-21 11:54:55,496 u/s
surf_flatliners,00:16.8867,13,1,2017-12-02 16:27:33,402 u/s
surf_forbidden_ways_ksf,00:11.7305,15,1,2017-11-14 20:58:57,593 u/s
surf_forgotten_fix,00:10.0898,10,3,2019-11-10 19:06:01,-1 u/s
surf_forgotten_fix,00:09.9023,2,4,2019-11-07 18:31:02,-1 u/s
surf_fornax,00:07.6289,3,1,2019-09-13 21:50:21,410 u/s
surf_fornax,00:18.6094,26,2,2019-08-11 23:08:27,432 u/s
surf_fornax,00:20.7656,28,3,2019-08-11 14:50:59,446 u/s
surf_fornax,00:20.5781,43,4,2019-08-11 16:16:58,-1 u/s
surf_fornax,00:09.9727,35,5,2019-08-11 15:54:29,-1 u/s
surf_fornax,00:08.0039,23,6,2019-08-11 22:59:21,432 u/s
surf_fornax,00:10.0195,13,7,2019-08-12 22:17:21,412 u/s
surf_fortress,00:12.1055,6,1,2021-04-10 21:47:55,338 u/s
surf_fortress,00:04.0078,10,2,2021-04-10 16:36:49,385 u/s
surf_fortress,00:22.2773,8,3,2021-04-10 16:48:49,385 u/s
surf_fortress,00:18.0469,4,4,2021-04-10 17:08:57,385 u/s
surf_fortress,00:08.8711,12,5,2021-04-10 16:51:16,385 u/s
surf_fortum,00:11.5664,66,1,2018-09-26 16:42:18,475 u/s
surf_fortum,00:46.3828,1624,2,2018-09-26 17:02:15,485 u/s
surf_frequency_njv,00:11.0977,16,2,2019-05-11 12:32:21,-1 u/s
surf_frey_remake_go,00:20.8477,8,1,2020-12-01 08:22:47,515 u/s
surf_friday_csgo,00:14.1914,38,1,2018-10-26 19:06:19,503 u/s
surf_froots_go,00:19.2422,4,2,2019-03-02 19:54:23,-1 u/s
surf_froots_go,00:05.7422,12,3,2019-03-02 20:02:32,-1 u/s
surf_frost,00:15.1875,3,1,2023-01-12 13:57:09,448 u/s
surf_frost,00:12.7734,5,2,2023-01-12 14:04:15,447 u/s
surf_frost,00:14.6016,19,3,2023-01-12 14:08:47,447 u/s
surf_frost,00:09.0820,18,4,2023-01-12 14:11:40,447 u/s
surf_frost,00:17.9766,1,6,2019-08-13 01:17:12,-1 u/s
surf_frost,00:12.6328,20,8,2023-01-12 14:24:56,447 u/s
surf_fruits,00:13.3242,87,1,2017-10-29 17:13:21,407 u/s
surf_fuckyall,00:12.3633,18,1,2022-12-08 15:59:25,515 u/s
surf_fuckyou,00:13.7695,22,1,2018-02-07 05:32:07,475 u/s
surf_funhouse2,00:16.5703,6,2,2020-02-04 10:13:44,-1 u/s
surf_funhouse2,00:21.2813,10,3,2020-02-04 10:27:42,-1 u/s
surf_funhouse2,00:19.5117,8,6,2020-02-01 20:14:43,488 u/s
surf_furios,00:03.3750,18,1,2018-02-04 12:21:02,446 u/s
surf_garden_go,00:12.7148,13,1,2020-07-24 08:21:54,507 u/s
surf_garden_go,00:13.5234,116,2,2019-05-28 04:42:20,508 u/s
surf_garden_go,00:15.0469,40,3,2019-05-25 06:51:48,484 u/s
surf_garden_h_go,00:10.2891,57,1,2019-05-24 23:56:03,506 u/s
surf_garden_h_go,00:07.2656,42,2,2019-05-25 04:04:22,486 u/s
surf_gary_barlow,00:15.3750,1,1,2022-11-01 12:55:31,506 u/s
surf_gary_barlow,00:12.0234,4,2,2022-11-01 12:37:11,0 u/s
surf_gekar,00:15.0586,7,1,2019-04-14 18:29:24,260 u/s
surf_gekyume_circumcision,00:15.5977,43,1,2019-03-20 14:57:09,477 u/s
surf_germania,00:24.6563,2,1,2019-12-05 02:54:51,511 u/s
surf_germania,00:46.9805,2,2,2021-01-08 11:06:50,-1 u/s
surf_giza,00:19.8516,43,1,2021-06-10 10:57:23,277 u/s
surf_giza,00:11.7656,4,2,2022-10-09 17:40:20,-1 u/s
surf_giza,00:09.8203,43,3,2021-05-28 22:22:35,-1 u/s
surf_giza,00:20.3086,25,4,2021-05-29 03:49:03,293 u/s
surf_giza,00:22.2188,7,5,2021-11-28 09:18:57,-1 u/s
surf_giza,00:10.4063,7,6,2021-05-29 04:21:40,293 u/s
surf_giza,00:09.7031,10,7,2021-05-30 11:50:07,332 u/s
surf_gleam,00:22.1367,52,1,2019-08-09 21:37:20,489 u/s
surf_gleam,00:21.3867,100,2,2017-12-06 00:50:27,-1 u/s
surf_gleam2,00:07.5117,13,1,2019-11-11 21:23:50,506 u/s
surf_gleam2,00:26.0859,3,2,2020-01-13 22:14:51,-1 u/s
surf_gleam2,00:24.3164,5,3,2019-11-11 21:16:35,488 u/s
surf_gleam2,00:09.7266,31,4,2019-11-12 01:07:35,491 u/s
surf_globalchaos,00:05.7188,168,1,2017-11-06 10:01:01,473 u/s
surf_gloomy,00:12.0938,4,2,2021-08-24 19:04:26,260 u/s
surf_gloomy,00:15.3984,5,4,2021-08-24 18:30:45,260 u/s
surf_glorious,00:21.4570,20,1,2018-09-20 03:16:27,451 u/s
surf_golden_a,00:23.1914,10,1,2021-03-18 09:34:20,497 u/s
surf_golden_a,00:17.4023,32,2,2018-06-29 21:17:12,444 u/s
surf_greek,00:15.1289,7,2,2022-10-27 20:36:20,-1 u/s
surf_greek,00:21.5977,3,3,2022-10-26 22:04:11,506 u/s
surf_grid,00:03.6328,54,1,2017-12-02 22:29:16,477 u/s
surf_grid,00:05.9063,62,2,2019-02-21 20:19:24,270 u/s
surf_grotto,00:11.6250,12,1,2020-01-06 20:13:32,508 u/s
surf_grotto,00:12.0938,28,3,2020-01-06 20:10:07,513 u/s
surf_gudrun,00:09.2461,5,1,2021-02-09 08:43:52,506 u/s
surf_gudrun,00:20.0039,6,2,2021-02-09 12:55:14,-1 u/s
surf_gudrun,00:25.8281,2,3,2021-02-09 12:26:07,-1 u/s
surf_guitar_hi,00:05.1328,399,1,2018-02-09 05:12:03,486 u/s
surf_hades,00:09.5273,26,1,2017-11-29 19:32:02,491 u/s
surf_hades,00:18.8320,120,2,2017-11-29 19:14:41,415 u/s
surf_hades2,00:13.1719,40,1,2019-07-03 10:48:40,376 u/s
surf_hades2,00:19.6992,15,2,2020-08-13 08:02:39,-1 u/s
surf_hades2,00:14.8008,38,3,2019-07-03 09:50:07,-1 u/s
surf_hades2,00:18.6094,17,4,2019-07-03 10:41:52,384 u/s
surf_hades2,00:20.0977,30,5,2019-07-03 09:45:44,-1 u/s
surf_half_baked,00:14.4961,25,1,2017-11-19 18:35:45,476 u/s
surf_halloween_fix,00:07.6758,3,1,2019-12-30 19:04:46,493 u/s
surf_happyhands2,00:12.8672,11,1,2018-02-07 16:46:34,506 u/s
surf_happyhands2,00:15.4453,34,2,2018-02-07 17:09:51,506 u/s
surf_happyhands2,00:20.4375,23,3,2018-02-07 17:01:25,506 u/s
surf_happyhands2,00:06.9492,5,5,2019-03-27 17:21:28,-1 u/s
surf_happyhands3,00:13.9102,14,1,2017-12-11 19:03:07,501 u/s
surf_happyhands3,00:08.8359,29,3,2017-12-11 18:08:26,-1 u/s
surf_happyhands_test,00:09.3516,77,1,2019-01-17 13:27:18,498 u/s
surf_happyhands_test,00:06.2227,17,2,2019-01-17 13:22:20,-1 u/s
surf_harmony,00:05.7070,7,3,2022-03-05 14:34:20,491 u/s
surf_haze,00:05.2852,103,1,2017-11-15 22:33:24,390 u/s
surf_haze,00:05.0391,46,2,2017-11-15 22:45:28,420 u/s
surf_heaven,00:07.7695,84,1,2017-11-13 18:52:27,451 u/s
surf_hellscape,00:21.1172,4,1,2022-11-06 14:59:32,445 u/s
surf_hellscape,00:22.5703,2,3,2022-11-06 15:17:16,466 u/s
surf_hellscape,00:07.7578,12,4,2022-11-06 15:24:24,466 u/s
surf_hero_fix,00:21.9023,33,1,2018-08-21 11:38:56,495 u/s
surf_hero_fix,00:24.0703,24,2,2018-08-21 11:38:56,488 u/s
surf_hero_fix,00:23.7188,6,3,2018-08-21 11:38:56,488 u/s
surf_hero_fix,00:12.0234,5,5,2019-09-25 01:44:20,248 u/s
surf_het,00:06.9844,15,3,2021-03-11 13:42:35,490 u/s
surf_het,00:16.4414,20,4,2021-03-11 13:51:21,490 u/s
surf_highlands,00:15.2930,158,1,2018-05-07 17:52:50,499 u/s
surf_highlands,00:14.8477,46,2,2021-01-26 09:00:50,-1 u/s
surf_highlands,00:15.1758,77,3,2018-05-07 17:49:17,500 u/s
surf_hollow,00:20.9531,24,1,2018-06-02 04:50:43,500 u/s
surf_hope,00:21.3984,21,1,2018-01-13 20:42:21,578 u/s
surf_hotrod,00:13.9453,3,1,2020-10-26 20:19:34,490 u/s
surf_hotrod,00:10.3828,9,2,2021-03-11 09:49:07,-1 u/s
surf_hotwheels,00:07.8047,41,1,2020-11-09 21:12:43,479 u/s
surf_hotwheels,00:18.2461,10,2,2020-01-04 21:52:56,-1 u/s
surf_hotwheels,00:21.8086,49,3,2020-01-11 10:53:48,-1 u/s
surf_hotwheels,00:15.9141,3,5,2020-01-11 10:29:44,-1 u/s
surf_hotwheels,00:57.4102,3,7,2020-01-04 22:23:35,-1 u/s
surf_hotwheels,00:54.0352,1,8,2020-01-10 18:18:22,-1 u/s
surf_hunty,00:05.8477,27,1,2020-07-21 05:55:12,400 u/s
surf_iceworld,00:14.6250,4,1,2019-09-30 23:03:03,510 u/s
surf_illumination,00:11.2617,5,2,2020-11-16 12:22:01,-1 u/s
surf_illumination,00:08.4141,4,3,2020-11-16 12:51:00,-1 u/s
surf_illumination,00:17.8242,24,4,2019-10-27 17:57:58,-1 u/s
surf_illumination,00:06.6563,7,5,2020-11-16 12:08:32,-1 u/s
surf_illusion,00:25.7461,15,1,2021-04-27 07:05:19,514 u/s
surf_illusion,00:17.6836,2,2,2021-04-29 11:37:08,504 u/s
surf_ing_njv,00:14.5781,32,1,2020-10-15 08:12:37,511 u/s
surf_ing_njv,00:13.3477,19,2,2020-10-15 08:16:10,511 u/s
surf_innokia,00:12.0352,17,1,2019-02-24 16:08:36,631 u/s
surf_izded,00:09.6328,61,1,2018-06-24 15:33:29,483 u/s
surf_izded,00:09.2930,68,2,2018-06-24 15:34:31,483 u/s
surf_izded,00:19.7344,31,3,2018-06-24 15:37:04,483 u/s
surf_jaqen,00:13.4414,3,2,2018-01-17 16:55:42,-1 u/s
surf_jaqen,00:09.9609,23,3,2018-01-17 17:02:38,-1 u/s
surf_jenocide,00:09.3633,3,1,2018-10-17 17:21:04,606 u/s
surf_jive,00:16.3828,7,1,2023-03-15 19:19:48,507 u/s
surf_jive,00:15.1172,14,2,2023-03-15 19:27:56,507 u/s
surf_jumble_v2,00:09.8672,9,1,2019-09-19 00:07:58,499 u/s
surf_jumble_v2,00:09.9727,10,2,2019-09-18 22:20:11,496 u/s
surf_jumble_v2,00:12.7500,6,3,2019-09-18 22:30:18,496 u/s
surf_jumble_v2,00:30.4922,1,4,2022-04-09 20:31:02,511 u/s
surf_juturna,00:14.3438,275,1,2018-02-08 19:01:41,418 u/s
surf_kaboom,00:12.9844,3,1,2017-12-25 16:25:24,493 u/s
surf_kairo,00:29.4727,29,1,2018-10-04 21:41:55,493 u/s
surf_kairo,00:16.7344,43,2,2018-10-04 21:46:18,493 u/s
surf_kairo,00:20.6953,29,3,2018-10-04 21:50:47,493 u/s
surf_kairo,00:18.4453,32,4,2018-10-04 21:35:07,481 u/s
surf_kairo,00:29.4375,8,5,2018-10-04 22:32:19,493 u/s
surf_kairo,00:22.6875,12,6,2018-10-04 22:50:01,493 u/s
surf_kimetrik,00:12.6680,11,1,2021-05-30 12:44:55,492 u/s
surf_kimetrik,00:06.9492,16,2,2021-05-30 12:40:44,491 u/s
surf_kismet,00:03.2930,5,2,2022-11-13 18:26:06,-1 u/s
surf_kitsune2_GO,00:22.8867,14,1,2023-02-11 12:54:38,508 u/s
surf_kitsune2_GO,00:05.8242,14,2,2023-02-11 12:57:43,508 u/s
surf_kitsune2_GO,00:14.8477,16,3,2023-02-11 13:01:02,508 u/s
surf_kitsune2_GO,00:15.9727,7,4,2023-02-11 13:20:03,0 u/s
surf_kloakk,00:16.9336,8,2,2020-03-01 01:32:20,-1 u/s
surf_kloakk,00:17.0859,56,3,2020-03-01 01:25:04,-1 u/s
surf_koa,00:14.6016,63,1,2018-03-22 22:02:09,375 u/s
surf_korn,00:22.1367,28,1,2021-08-10 12:42:23,327 u/s
surf_krow10,00:14.2734,189,1,2017-11-19 05:57:58,594 u/s
surf_kultur,00:46.4414,1,2,2022-04-04 19:59:45,-1 u/s
surf_kvas,00:08.6133,15,1,2023-04-16 12:15:09,497 u/s
surf_kvas,00:15.5859,21,2,2023-04-16 12:22:44,491 u/s
surf_kz_mix_journeys,01:11.5664,7,1,2021-11-23 09:29:04,603 u/s
surf_kz_protraining,00:12.6328,18,4,2017-11-23 01:52:14,480 u/s
surf_lab,00:21.5156,1,1,2021-12-10 07:09:03,512 u/s
surf_lessons,00:09.1992,55,1,2017-12-10 17:57:42,446 u/s
surf_lessons,00:04.3828,22,2,2017-12-10 17:58:40,446 u/s
surf_lessons,00:08.6016,21,3,2017-12-10 17:57:20,-1 u/s
surf_lianfora,00:12.3047,24,1,2020-10-29 21:10:14,496 u/s
surf_liberation2,00:09.2109,12,1,2022-03-31 17:20:13,605 u/s
surf_liberation2,00:08.3906,2,2,2022-03-31 17:40:04,604 u/s
surf_life_of_cow,00:28.2188,12,1,2018-06-02 03:13:30,497 u/s
surf_life_of_cow,00:18.4336,18,2,2018-06-02 02:55:56,504 u/s
surf_lighrust_easy,00:03.4219,9,1,2021-10-10 23:25:07,497 u/s
surf_like_this,00:21.1758,3,2,2020-03-14 10:03:43,-1 u/s
surf_limbo_go,00:16.6289,14,1,2021-01-12 08:06:22,501 u/s
surf_listless,00:08.5898,8,1,2022-11-21 21:56:05,517 u/s
surf_listless,00:08.4609,18,2,2022-11-21 22:39:48,508 u/s
surf_listless,00:25.6875,7,4,2022-11-21 22:46:56,508 u/s
surf_lockdown,00:09.0234,20,1,2022-04-08 16:11:07,491 u/s
surf_lockdown,00:18.9844,1,2,2022-04-08 17:03:05,509 u/s
surf_loentra,00:17.8477,7,1,2018-01-25 02:33:10,602 u/s
surf_loentra,00:15.0234,3,2,2020-07-23 08:00:50,-1 u/s
surf_loentra_easy,00:15.1523,7,1,2020-12-23 10:34:05,608 u/s
surf_loentra_easy,00:13.7813,3,2,2020-12-23 10:00:05,-1 u/s
surf_lolrevlis,00:16.7695,11,1,2018-09-26 18:34:28,499 u/s
surf_lore_fix,00:02.3555,167,2,2017-11-10 08:01:17,483 u/s
surf_lost,00:21.6563,1,1,2021-12-29 14:16:04,504 u/s
surf_lost,00:08.2617,8,3,2021-12-29 13:34:50,514 u/s
surf_lost,00:18.9258,1,4,2021-12-29 13:15:16,514 u/s
surf_lost2,00:32.4023,13,1,2019-05-29 03:15:29,508 u/s
surf_lost2,00:19.0664,40,2,2019-05-29 03:22:47,508 u/s
surf_lost2,00:10.4648,31,3,2019-05-29 03:28:09,508 u/s
surf_lost2,00:30.8906,9,4,2019-05-29 03:47:46,508 u/s
surf_lovhon,00:02.5664,29,1,2021-02-21 16:50:52,445 u/s
surf_loweffort,00:23.0156,6,1,2020-09-14 09:00:25,457 u/s
surf_low_production,00:11.4492,75,1,2018-05-07 20:53:52,380 u/s
surf_low_production,00:14.4141,127,2,2018-05-07 20:55:12,380 u/s
surf_lo_tek,00:17.0625,2,1,2019-11-26 15:59:21,500 u/s
surf_lo_tek,00:13.7109,159,2,2019-03-02 22:43:20,-1 u/s
surf_lt_omnific_fix,00:13.2773,21,1,2017-12-09 16:11:17,495 u/s
surf_lt_omnific_fix,00:19.4648,3,2,2021-03-08 12:35:27,-1 u/s
surf_lt_omnific_fix,00:19.3828,18,3,2019-01-20 22:25:42,477 u/s
surf_lt_unicorn_official,00:48.1172,6,1,2019-02-18 18:11:13,605 u/s
surf_lt_unicorn_official,00:19.8281,3,2,2019-12-12 11:49:10,0 u/s
surf_lt_unicorn_official,00:35.3320,1,3,2020-07-25 09:17:12,-1 u/s
surf_lullaby_redone_njv,00:13.2773,3,1,2020-08-17 09:30:27,514 u/s
surf_lullaby_redone_njv,00:16.2422,2,2,2023-04-11 15:02:49,493 u/s
surf_luminaris,00:12.4453,3,5,2020-05-20 23:20:39,-1 u/s
surf_map_njv,00:17.7891,2,1,2019-10-17 21:52:41,497 u/s
surf_marbleblast_intermediate,00:06.7383,1,1,2022-11-01 20:13:16,338 u/s
surf_mayday,00:21.0469,4,1,2023-01-24 21:20:01,510 u/s
surf_mdrn,00:11.4492,27,1,2018-07-25 22:17:17,500 u/s
surf_mdrn,00:13.2891,34,2,2018-07-25 22:21:10,500 u/s
surf_mdrn,00:18.8320,24,3,2018-07-25 22:23:55,500 u/s
surf_mdrn,00:18.3867,37,4,2018-07-25 22:38:41,500 u/s
surf_me,00:16.5703,282,1,2017-11-09 09:03:25,503 u/s
surf_me,00:31.6641,182,2,2017-11-09 09:01:34,477 u/s
surf_me,00:13.5820,18,3,2022-08-27 00:28:13,514 u/s
surf_me,00:17.6719,57,4,2017-11-09 08:54:03,497 u/s
surf_meme,00:08.8945,14,1,2021-10-02 03:09:25,498 u/s
surf_meme,00:27.7266,1,2,2018-02-04 12:04:48,-1 u/s
surf_memories,00:13.1719,20,1,2018-12-09 00:35:27,495 u/s
surf_memories,00:08.7656,28,2,2018-12-09 00:40:32,495 u/s
surf_mephobia_final,00:14.3789,7,1,2018-07-02 15:21:54,351 u/s
surf_mesa_mine,00:06.7266,15,1,2018-09-21 16:27:31,468 u/s
surf_methadone,00:10.9336,5,1,2018-07-22 23:21:51,486 u/s
surf_minecraft_2016_final,00:07.6992,43,1,2020-11-17 10:43:09,416 u/s
surf_minecraft_2016_final,00:05.7539,44,3,2017-11-10 17:24:54,400 u/s
surf_minecraft_2020,00:15.0938,5,1,2019-12-09 20:29:38,413 u/s
surf_minecraft_2020,00:34.5469,2,2,2019-12-10 04:16:07,593 u/s
surf_minecraft_2020,00:18.9609,16,3,2019-12-08 20:04:07,613 u/s
surf_minigolf,00:09.2813,18,1,2021-03-04 07:11:59,714 u/s
surf_minimumwage,00:24.6680,2,1,2019-08-21 01:19:02,468 u/s
surf_molstration,00:15.0000,120,1,2018-01-19 17:22:55,77 u/s
surf_mom_fix,01:42.9961,1142,1,2018-08-05 18:17:44,415 u/s
surf_monotony,00:09.7734,7,2,2021-03-23 08:52:31,511 u/s
surf_moonkingdom,00:11.9883,8,1,2022-12-04 17:55:13,493 u/s
surf_moonkingdom,00:06.1758,15,2,2022-12-04 15:59:32,483 u/s
surf_moonkingdom,00:21.0352,6,4,2022-12-04 17:52:06,506 u/s
surf_mudkip_fix,00:12.2578,30,1,2020-11-29 11:44:52,348 u/s
surf_mudkip_fix,00:15.9375,6,2,2018-04-19 03:49:41,-1 u/s
surf_mudkip_fix,00:17.8242,2,3,2019-07-27 07:45:55,-1 u/s
surf_mudkip_fix,00:25.2070,9,4,2020-11-29 11:56:09,348 u/s
surf_mushroom,00:08.7305,1,1,2022-03-29 20:38:28,499 u/s
surf_mwag_reloaded,00:18.8438,11,1,2019-11-23 13:50:13,467 u/s
surf_mwag_reloaded,00:05.7539,5,2,2019-11-23 16:54:51,1546 u/s
surf_mwag_reloaded,00:14.2383,15,3,2019-11-23 17:06:28,1546 u/s
surf_mwag_reloaded,00:14.3320,9,4,2019-12-03 05:30:03,596 u/s
surf_mwag_reloaded,00:15.9844,7,5,2019-11-23 17:59:59,595 u/s
surf_nebula,00:19.5117,31,1,2018-06-06 02:43:39,496 u/s
surf_nebula,00:13.6289,19,2,2018-06-06 03:04:00,496 u/s
surf_nebula,00:10.0195,3,3,2021-06-12 04:39:49,-1 u/s
surf_nemesis,00:06.9258,39,1,2018-01-26 14:25:15,387 u/s
surf_neoteric,00:13.9688,61,2,2019-11-21 06:20:05,480 u/s
surf_neoteric,00:20.0625,22,3,2019-11-21 07:24:17,1349 u/s
surf_neoteric,00:13.7930,22,4,2019-11-21 06:13:27,480 u/s
surf_nesquik,00:10.6875,47,1,2019-10-12 01:47:41,495 u/s
surf_nesquik,00:14.0742,24,2,2019-10-12 01:52:02,495 u/s
surf_nesquik,00:25.6172,12,3,2019-10-12 01:59:08,495 u/s
surf_nesquik,00:20.2500,3,4,2020-07-29 01:22:34,-1 u/s
surf_nesquik,00:14.9648,19,6,2019-10-12 02:20:50,495 u/s
surf_nibiru,00:10.9102,19,2,2023-03-27 20:17:01,504 u/s
surf_noble_csgo,00:08.6016,80,1,2018-05-23 13:14:56,502 u/s
surf_not_so_disaster,00:24.0938,18,1,2018-02-22 21:12:51,501 u/s
surf_not_so_disaster,00:10.7461,19,2,2018-02-22 22:16:57,490 u/s
surf_not_so_disaster,00:18.6563,51,3,2018-02-22 19:15:52,-1 u/s
surf_not_so_disaster,00:18.9961,4,4,2018-02-23 22:01:37,-1 u/s
surf_not_so_disaster,00:18.4570,20,5,2018-02-22 21:27:57,497 u/s
surf_not_so_hentai,00:10.9922,20,1,2019-03-08 23:18:09,504 u/s
surf_not_so_hentai,00:25.5703,82,2,2021-01-09 13:23:00,500 u/s
surf_not_so_hentai,00:06.1875,19,3,2019-03-08 22:56:01,485 u/s
surf_not_so_quick,00:28.3125,6,1,2018-09-20 01:53:44,450 u/s
surf_not_so_quick,00:21.5391,20,2,2018-09-20 01:15:04,500 u/s
surf_not_so_quick,00:07.8047,10,4,2018-09-20 01:29:18,500 u/s
surf_not_so_quick,00:11.2031,46,5,2018-09-20 01:38:05,501 u/s
surf_not_so_quick,00:17.0508,30,6,2018-09-20 01:44:32,501 u/s
surf_not_so_zen_fix,00:08.9648,59,3,2018-02-18 11:36:48,404 u/s
surf_not_so_zen_fix,00:27.9727,6,4,2018-02-21 21:56:08,-1 u/s
surf_nova,00:05.6719,20,1,2021-08-15 13:06:56,504 u/s
surf_nova,00:33.0234,13,2,2021-05-12 09:04:48,495 u/s
surf_nova,00:16.2539,16,3,2021-05-12 08:43:23,495 u/s
surf_nuclear,00:07.4648,6,1,2022-07-12 21:13:49,505 u/s
surf_numbers2,00:07.9219,5,3,2019-09-18 03:18:09,-1 u/s
surf_numbers2,00:08.1914,7,4,2019-09-18 02:48:52,-1 u/s
surf_nyx,00:15.2813,26,1,2019-09-29 04:26:55,1853 u/s
surf_nyze,00:22.2070,5,1,2020-05-27 00:12:29,508 u/s
surf_nyze,00:25.8516,2,2,2020-05-26 23:49:09,-1 u/s
surf_ny_platinum,00:15.0352,24,1,2017-10-26 17:39:08,593 u/s
surf_n_bhop_beta1,00:11.2852,14,1,2020-07-28 07:31:52,452 u/s
surf_n_turf,00:12.5391,12,1,2021-04-26 11:11:52,510 u/s
surf_n_turf,00:07.8281,3,2,2021-04-26 11:04:19,485 u/s
surf_oasis,00:15.5508,8,1,2019-10-08 12:02:34,613 u/s
surf_oasis,00:10.5469,3,2,2019-06-22 23:03:15,510 u/s
surf_oddworld,00:07.5117,14,2,2022-04-21 21:49:07,504 u/s
surf_ofsfice,00:19.2070,12,1,2022-10-02 19:53:38,501 u/s
surf_oma,00:14.3672,168,1,2017-11-29 16:03:08,451 u/s
surf_opus,00:04.5000,15,3,2017-12-11 15:12:14,-1 u/s
surf_original,00:07.5352,5,1,2020-05-05 05:40:11,497 u/s
surf_orthodox_fix,00:07.0781,63,1,2019-07-12 20:43:54,499 u/s
surf_orthodox_fix,00:15.1289,87,2,2018-09-19 13:07:24,464 u/s
surf_orthodox_fix,00:18.7969,79,3,2018-09-19 12:45:11,464 u/s
surf_orthodox_fix,00:19.9688,35,4,2018-09-19 13:04:14,464 u/s
surf_our,00:22.6758,38,1,2018-05-23 17:45:34,502 u/s
surf_our,00:34.5117,20,2,2018-05-23 17:54:00,502 u/s
surf_our,00:23.5430,45,3,2018-05-23 17:57:52,502 u/s
surf_our,00:34.1133,21,4,2018-05-23 18:08:51,502 u/s
surf_outside,00:12.2109,2,1,2022-12-17 18:06:08,509 u/s
surf_outside,00:14.1797,2,2,2022-12-17 17:59:48,-1 u/s
surf_outside,00:16.2305,5,4,2022-12-14 21:44:42,260 u/s
surf_outside,00:15.2344,8,5,2022-12-14 21:54:31,260 u/s
surf_outside,00:18.6680,2,6,2022-12-14 20:51:05,97 u/s
surf_overgrowth,00:08.3438,14,1,2018-05-13 03:00:14,454 u/s
surf_overgrowth,00:09.1523,15,2,2017-12-01 04:23:07,-1 u/s
surf_palm_fix,00:04.5938,124,1,2018-08-22 19:46:51,491 u/s
surf_palm_fix,00:18.0586,3,2,2018-08-21 11:30:24,466 u/s
surf_pandemonium,00:16.1484,4,2,2018-10-21 00:25:17,0 u/s
surf_pantheon,00:24.1055,4,3,2020-11-28 04:50:43,-1 u/s
surf_papertown,00:24.9141,9,1,2018-06-27 02:18:20,400 u/s
surf_papertown,00:39.5977,5,3,2018-06-28 17:47:01,260 u/s
surf_papertown,00:10.9102,15,4,2018-06-27 03:10:42,400 u/s
surf_papertown,00:16.3945,34,5,2018-06-27 03:14:03,400 u/s
surf_parachutes,00:12.5039,7,1,2021-05-08 12:35:48,522 u/s
surf_paradigm,00:16.8281,8,1,2021-04-02 06:45:40,506 u/s
surf_paradigm,00:22.6055,9,2,2021-04-02 06:49:37,506 u/s
surf_parc_colore,00:06.7148,19,1,2018-01-14 19:50:23,498 u/s
surf_parc_colore,00:09.8203,3,2,2018-01-14 21:03:09,334 u/s
surf_parc_colore,00:07.2188,11,4,2018-01-14 20:00:49,467 u/s
surf_pepega,01:25.9453,2,1,2019-07-28 03:11:58,503 u/s
surf_pepega,00:13.3828,32,2,2019-07-28 08:02:53,0 u/s
surf_pepega,00:27.1406,1,3,2019-07-31 08:26:13,-1 u/s
surf_pepega,00:10.2656,60,4,2019-07-28 03:43:14,509 u/s
surf_pepega,00:26.7305,2,5,2019-07-28 15:07:18,-1 u/s
surf_pepega,00:12.0469,17,6,2019-07-30 18:23:17,2903 u/s
surf_pepega,00:17.8594,14,7,2019-07-30 18:19:27,2903 u/s
surf_pepega2,00:15.1992,23,1,2019-07-29 04:47:12,501 u/s
surf_pepega2,00:12.4219,1,3,2019-08-10 15:24:28,334 u/s
surf_pepega2,00:16.4883,10,4,2019-08-10 15:09:56,334 u/s
surf_pepega2,00:29.3555,1,5,2019-08-10 16:16:26,334 u/s
surf_pepega2,00:20.7422,8,6,2019-07-29 05:39:07,1535 u/s
surf_pepega2,00:31.4063,2,7,2019-07-29 16:17:19,0 u/s
surf_pepega2,00:34.5117,3,8,2019-07-29 04:11:40,0 u/s
surf_perihelion,00:20.0039,2,1,2023-05-25 19:32:36,335 u/s
surf_petrus2,00:10.6758,57,1,2018-08-25 03:30:37,491 u/s
surf_petrus2,00:07.5000,9,2,2018-10-27 13:29:13,-1 u/s
surf_piano,00:09.5039,236,1,2018-09-16 16:02:37,491 u/s
surf_pinkcubes_fix,00:09.1641,42,1,2019-03-10 22:50:59,469 u/s
surf_plaguelands_beta7a,00:09.0938,11,1,2019-04-04 05:58:03,369 u/s
surf_pls,00:16.8633,17,1,2019-09-13 17:58:37,502 u/s
surf_pls,00:19.2070,3,2,2020-10-06 05:05:43,-1 u/s
surf_pls,00:09.2227,3,3,2019-09-13 19:42:23,505 u/s
surf_pls,00:15.2695,3,5,2019-09-13 19:20:30,505 u/s
surf_pls,00:17.2148,2,6,2019-09-13 17:04:17,-1 u/s
surf_pls,00:20.3203,8,7,2019-09-13 17:12:56,-1 u/s
surf_pls,00:10.8633,6,8,2019-09-15 21:17:38,-1 u/s
surf_pls,00:10.7578,3,11,2020-10-06 04:53:08,-1 u/s
surf_polonia,00:25.6172,5,2,2021-06-26 05:41:17,502 u/s
surf_polygon,00:15.4922,4,4,2018-01-25 19:45:41,-1 u/s
surf_premium,00:07.4063,29,1,2021-12-30 12:41:14,492 u/s
surf_premium,00:09.2227,55,2,2021-12-30 12:43:10,492 u/s
surf_prevail,00:10.2305,3,1,2022-10-06 20:19:25,615 u/s
surf_princess,00:12.3633,46,1,2019-03-29 19:42:35,482 u/s
surf_prismatic_fix,00:10.1250,3,1,2022-10-14 23:18:42,506 u/s
surf_proliferation,00:11.0039,36,1,2019-03-04 00:07:36,501 u/s
surf_proliferation,00:18.3516,26,2,2018-07-27 17:00:53,494 u/s
surf_proximity_final,00:10.2422,41,1,2018-07-01 21:12:06,391 u/s
surf_psycho_njv,00:15.2227,5,1,2019-03-09 04:19:54,501 u/s
surf_psycho_njv,00:07.7578,130,2,2021-03-06 23:37:49,514 u/s
surf_pyzire,00:07.1367,8,1,2020-03-10 20:56:38,498 u/s
surf_quarantine,00:14.4258,5,1,2020-05-07 01:50:21,510 u/s
surf_quarantine,00:18.8906,9,2,2020-05-06 02:46:58,503 u/s
surf_queen_of_the_ween,00:21.5625,8,1,2019-10-26 10:34:32,519 u/s
surf_queen_of_the_ween,00:16.1602,4,2,2019-10-26 19:30:45,-1 u/s
surf_queen_of_the_ween,00:03.8555,9,3,2019-10-26 11:35:26,519 u/s
surf_quickie,00:15.2109,81,1,2020-08-20 06:41:42,498 u/s
surf_quirky,00:10.1836,3,1,2023-02-11 09:03:04,608 u/s
surf_quirky,00:09.9375,7,2,2023-02-11 09:14:12,612 u/s
surf_rainbow,00:25.7930,6,1,2022-03-29 18:10:15,498 u/s
surf_rapid_njv,00:08.9766,3,1,2019-12-27 03:45:37,480 u/s
surf_ravine_go,00:09.3047,29,1,2021-04-26 08:53:09,514 u/s
surf_ravine_go,00:09.5508,37,2,2021-04-26 08:49:43,496 u/s
surf_ravine_go,00:09.1992,90,3,2021-04-26 08:55:15,504 u/s
surf_ravine_go,00:03.6563,25,4,2021-04-26 09:03:47,504 u/s
surf_reblis_final,00:14.1211,25,1,2020-11-22 11:03:36,465 u/s
surf_refraxis,00:06.0234,8,1,2017-12-16 18:32:36,469 u/s
surf_refraxis,00:06.9141,51,2,2017-12-16 18:19:26,436 u/s
surf_remeanian,00:11.2734,11,1,2022-01-02 16:41:42,510 u/s
surf_remeanian,00:19.2305,4,2,2022-01-02 17:06:02,514 u/s
surf_remeanian,00:20.5430,4,4,2022-01-02 18:08:08,514 u/s
surf_remeanian,00:23.5195,4,5,2022-01-04 09:43:46,-1 u/s
surf_remeanian,00:15.7266,3,7,2022-01-02 17:40:29,514 u/s
surf_remeanian,00:10.9688,2,8,2022-01-02 17:22:05,514 u/s
surf_reprise,00:23.2148,13,1,2018-10-24 23:23:26,485 u/s
surf_reprise,00:21.0469,3,2,2020-10-25 01:11:41,495 u/s
surf_reytx,00:17.6836,281,1,2019-07-11 21:34:48,485 u/s
surf_reytx,00:03.2461,64,2,2019-07-11 21:23:32,502 u/s
surf_rez,00:07.5000,212,1,2017-11-27 15:11:21,451 u/s
surf_rez,00:16.0078,435,2,2017-11-27 15:12:22,454 u/s
surf_rez2,00:15.5977,40,1,2018-11-17 00:07:38,611 u/s
surf_rez2,00:11.9766,55,2,2018-11-12 14:10:47,150 u/s
surf_rez2,00:14.2148,45,3,2018-11-17 00:08:04,611 u/s
surf_rez2,00:10.1250,16,4,2018-11-12 14:06:33,150 u/s
surf_ripper,00:08.5078,12,1,2021-11-16 08:17:07,489 u/s
surf_road_to_hell,00:06.7734,20,1,2021-03-13 14:56:22,507 u/s
surf_road_to_hell,00:14.4609,8,2,2021-03-13 15:12:44,507 u/s
surf_road_to_hell,00:08.0391,80,3,2021-06-05 22:25:05,516 u/s
surf_road_to_hell,00:19.5352,5,4,2021-06-05 22:45:06,516 u/s
surf_road_to_hell,00:26.0508,6,5,2021-06-10 11:11:09,-1 u/s
surf_rubiks_cube,00:10.0430,21,1,2022-03-12 12:55:12,497 u/s
surf_rubiks_cube,00:26.6484,4,2,2022-03-12 14:13:22,504 u/s
surf_runewords,00:18.9844,17,1,2018-01-14 15:10:19,490 u/s
surf_runewords,00:29.6602,7,2,2018-01-14 14:58:28,-1 u/s
surf_runewords,00:20.0156,58,3,2018-01-14 15:11:58,490 u/s
surf_runewords,00:11.6133,32,4,2018-01-14 15:16:46,490 u/s
surf_runewords2,00:30.8789,16,2,2018-01-28 03:56:21,514 u/s
surf_runewords2,00:16.0313,6,3,2018-01-28 03:25:43,514 u/s
surf_runewords2,00:09.0703,45,6,2018-01-28 03:18:24,514 u/s
surf_runewords2_lod,00:28.1836,2,1,2020-08-03 09:08:11,517 u/s
surf_runewords2_lod,00:50.1680,2,2,2020-08-03 09:19:35,502 u/s
surf_runewords2_lod,00:11.7070,20,3,2020-08-03 22:49:38,-1 u/s
surf_runewords2_lod,00:16.1719,1,6,2020-08-03 09:37:55,502 u/s
surf_runner,00:50.2969,1,2,2021-02-04 08:59:10,482 u/s
surf_runner,00:21.5742,25,3,2021-02-04 09:03:18,482 u/s
surf_runner,00:46.3828,2,4,2021-02-06 13:12:46,0 u/s
surf_salient,00:13.6641,72,1,2017-11-17 13:19:42,482 u/s
surf_salient,00:09.6211,47,2,2017-11-17 13:24:31,486 u/s
surf_salvador,00:08.4023,51,1,2018-10-23 20:00:42,489 u/s
surf_sanctuary,00:26.8125,3,2,2022-02-12 12:00:46,496 u/s
surf_sandstorm2,00:05.8477,29,1,2018-10-29 03:45:57,472 u/s
surf_sandtrap,00:14.8359,7,2,2020-09-15 09:31:33,-1 u/s
surf_sandtrap2,00:12.8789,116,1,2018-07-13 18:45:56,480 u/s
surf_sandtrap2,00:13.3477,164,2,2018-07-13 18:50:53,490 u/s
surf_sandtrap2,00:31.5586,65,3,2018-07-13 19:02:29,490 u/s
surf_sandtrap2,00:07.7109,65,4,2018-07-13 19:06:34,490 u/s
surf_saturday_fix,00:11.1563,107,1,2018-03-01 17:28:10,499 u/s
surf_saturday_fix,00:19.4883,63,2,2018-03-01 17:35:51,506 u/s
surf_scarlet,00:11.8008,14,2,2022-01-20 08:48:33,397 u/s
surf_scarlet,00:05.4844,14,4,2022-01-20 08:56:52,397 u/s
surf_scientist,00:36.5625,20,1,2021-06-19 00:58:46,508 u/s
surf_scientist,00:15.3984,23,2,2021-06-19 00:35:40,468 u/s
surf_scientist,00:15.3867,12,3,2021-06-19 00:39:57,468 u/s
surf_scientist,00:05.6719,10,4,2021-06-19 00:54:45,468 u/s
surf_scientist,00:09.9961,6,5,2021-06-20 05:20:55,-1 u/s
surf_scientist,00:17.2148,7,6,2021-06-19 00:52:27,468 u/s
surf_scorch_go,00:07.2539,1,1,2019-11-09 20:42:11,454 u/s
surf_scorch_go,00:12.6445,23,2,2020-10-13 01:03:33,-1 u/s
surf_scorch_go,00:12.6094,10,3,2019-11-09 00:34:27,-1 u/s
surf_sc_essence_v2_njv,00:07.9805,21,1,2019-03-21 13:58:20,492 u/s
surf_seaside,00:16.9922,46,1,2023-02-11 16:18:54,503 u/s
surf_seaside,00:09.3398,26,2,2023-02-11 16:49:40,507 u/s
surf_seaside,00:13.5234,8,3,2023-02-11 16:38:31,507 u/s
surf_secluded,00:12.3516,17,2,2020-09-29 06:06:10,-1 u/s
surf_secluded,00:02.2031,13,4,2020-09-29 06:04:55,-1 u/s
surf_semesterbreak_fix,00:03.2344,7,1,2018-07-18 13:07:26,400 u/s
surf_semesterbreak_fix,00:19.8516,70,2,2017-12-08 17:01:57,-1 u/s
surf_seraph,00:08.2734,8,1,2018-10-27 13:50:22,502 u/s
surf_serenity,00:07.7344,46,1,2017-11-29 18:41:46,484 u/s
surf_serenity,00:09.4922,45,2,2017-11-29 18:44:31,474 u/s
surf_serenity,00:08.3672,21,3,2017-11-29 18:47:07,474 u/s
surf_serenity2,00:05.3438,20,1,2021-04-02 02:29:20,498 u/s
surf_serenity2,00:21.8789,5,2,2021-04-02 03:10:11,506 u/s
surf_serenity2,00:29.9063,2,3,2021-04-02 10:07:06,-1 u/s
surf_serenity2,00:18.9961,4,4,2021-04-02 03:34:46,507 u/s
surf_sewertunnel,00:33.2109,1,1,2023-05-24 19:35:45,513 u/s
surf_sewertunnel,00:15.8555,25,5,2023-05-23 19:20:32,511 u/s
surf_sexplizooimed,00:14.6602,1,1,2020-07-02 08:01:57,488 u/s
surf_shodan,00:27.8555,9,2,2020-01-22 04:50:11,-1 u/s
surf_shodan,00:26.7070,3,8,2019-02-27 10:41:46,-1 u/s
surf_shoria,00:08.2148,27,1,2018-05-06 18:01:44,494 u/s
surf_shrug2_fix,00:10.8047,12,1,2021-12-15 09:41:47,503 u/s
surf_shrug2_fix,00:06.1875,12,2,2021-12-15 09:45:57,255 u/s
surf_simpsons_go_rc2,00:20.2969,494,1,2018-01-19 22:14:52,175 u/s
surf_simpsons_go_rc2,00:08.0391,74,3,2022-08-20 18:09:00,461 u/s
surf_simpsons_go_rc2,00:18.1523,13,4,2022-08-20 18:07:04,461 u/s
surf_sinister_evil,00:12.8203,48,1,2018-01-27 17:04:27,478 u/s
surf_sippysip,00:14.0977,65,1,2019-01-22 00:27:29,483 u/s
surf_sippysip,00:21.7266,23,2,2019-01-22 00:44:13,483 u/s
surf_skipalot,00:18.7852,17,1,2019-10-18 23:42:59,493 u/s
surf_skipalot,00:14.0625,9,2,2019-10-18 21:20:20,-1 u/s
surf_skipalot,00:09.2461,29,3,2019-10-19 03:12:09,509 u/s
surf_skipalot,00:07.8633,7,4,2019-10-18 21:35:02,493 u/s
surf_skyborn,00:18.4805,78,1,2019-04-28 19:58:39,503 u/s
surf_slob,00:10.3594,10,1,2021-11-27 02:22:20,482 u/s
surf_slobs,00:08.4375,9,1,2022-02-09 11:05:17,374 u/s
surf_slobs,00:09.5859,42,2,2022-02-09 11:03:14,375 u/s
surf_sluice_final,00:10.5703,113,1,2018-09-05 17:54:31,393 u/s
surf_sluice_final,00:06.9023,45,2,2018-09-05 17:53:40,-1 u/s
surf_sluice_final,00:11.9063,60,3,2018-09-05 17:55:27,393 u/s
surf_sluice_final,00:17.3320,15,4,2020-08-13 03:36:52,-1 u/s
surf_sluice_final,00:13.2305,2,5,2020-08-13 03:24:07,-1 u/s
surf_sodacity,00:12.0000,5,2,2022-01-02 11:51:06,494 u/s
surf_sodacity,00:11.9648,8,3,2022-01-02 11:44:46,494 u/s
surf_solace,00:18.7734,4,1,2020-08-24 11:13:41,475 u/s
surf_solace,00:15.6211,4,2,2020-08-25 01:34:57,-1 u/s
surf_something_serious,00:07.7695,3,3,2022-11-15 10:58:55,-1 u/s
surf_sorf,00:08.1563,5,1,2022-11-14 16:10:48,512 u/s
surf_sorf,00:09.1875,2,2,2022-11-14 17:04:34,498 u/s
surf_sos,00:51.2461,6,1,2022-07-04 21:57:30,426 u/s
surf_sos,00:14.2383,3,3,2022-07-04 22:04:50,426 u/s
surf_sos,00:09.9492,2,4,2022-07-05 15:15:38,483 u/s
surf_spacejam,00:02.9766,16,1,2018-03-07 01:04:46,482 u/s
surf_spaceship_ksf,00:18.1641,2,1,2018-01-21 18:28:21,497 u/s
surf_squirrelsonvacation,00:25.1250,10,1,2021-06-08 11:29:01,509 u/s
surf_starfire_csgo,00:17.4609,47,2,2018-05-05 21:18:00,-1 u/s
surf_starfire_csgo,00:15.8203,41,3,2018-05-05 20:57:32,-1 u/s
surf_stargaze_csgo,00:07.9102,142,1,2018-02-17 19:46:00,350 u/s
surf_static,00:07.7344,10,1,2017-12-31 06:10:34,491 u/s
surf_stickybutt_alpha,00:30.7383,1,1,2019-08-30 20:18:47,493 u/s
surf_stitched,00:19.7227,8,2,2020-08-12 03:23:35,5 u/s
surf_stoneage,00:06.6211,14,1,2018-08-27 18:28:12,493 u/s
surf_stonework2,00:07.4648,10,1,2018-12-22 02:16:25,628 u/s
surf_stonks,00:15.5156,24,1,2021-03-07 11:51:23,515 u/s
surf_stonks,00:31.1250,9,2,2021-03-07 11:38:26,-1 u/s
surf_strike,00:13.5234,4,1,2019-11-27 22:49:24,490 u/s
surf_subway,00:11.5430,107,1,2018-09-27 15:49:10,490 u/s
surf_subway,00:19.9688,25,2,2018-01-16 19:43:05,-1 u/s
surf_subway,00:18.5273,18,3,2018-01-16 20:16:51,-1 u/s
surf_summit,00:09.5977,1152,1,2018-06-17 20:34:34,480 u/s
surf_summit,03:48.0000,1065,3,2018-06-17 20:44:17,464 u/s
surf_sunday,00:13.4531,18,2,2020-06-30 22:25:06,0 u/s
surf_sup_,00:04.4766,56,1,2019-08-04 17:46:07,424 u/s
surf_surprise,00:11.6836,22,2,2019-06-30 09:48:36,494 u/s
surf_swagtoast_final,00:07.7578,137,1,2018-03-13 10:30:52,450 u/s
surf_sylvan,00:13.0664,11,1,2020-03-27 23:06:54,342 u/s
surf_synada,00:16.2891,23,1,2018-04-23 20:37:39,473 u/s
surf_telstar,00:06.6445,15,1,2020-01-02 03:59:21,498 u/s
surf_tempest,00:15.0938,23,1,2020-08-12 00:06:10,506 u/s
surf_tempest,00:04.3359,9,3,2020-08-11 23:39:50,-1 u/s
surf_tendies,00:33.5625,9,3,2021-01-09 06:43:47,260 u/s
surf_tenzo,00:07.8750,6,1,2021-10-21 10:37:23,485 u/s
surf_thembrium_sns,00:10.8633,6,1,2019-08-06 18:32:52,433 u/s
surf_theme,00:32.3789,12,1,2020-05-08 01:13:20,505 u/s
surf_theme,00:35.6133,8,2,2020-05-07 23:10:58,503 u/s
surf_theme,00:28.9922,1,3,2021-06-12 03:58:31,-1 u/s
surf_thesteve,00:07.9688,25,1,2021-04-10 11:02:33,508 u/s
surf_thesteve,00:11.2266,9,2,2021-07-01 07:58:09,0 u/s
surf_thesteve,00:20.2734,7,3,2021-04-10 12:01:10,0 u/s
surf_theunexpected,00:19.3477,5,2,2021-08-14 19:42:47,427 u/s
surf_theunexpected,00:14.4141,8,3,2021-08-14 19:50:05,427 u/s
surf_the_distance,00:05.9883,5,3,2017-12-24 03:02:23,-1 u/s
surf_the_distance,00:09.6211,46,4,2017-12-24 02:35:40,-1 u/s
surf_the_gloaming_rat,00:52.8750,3,1,2021-05-17 11:26:18,495 u/s
surf_thicket,00:11.3203,40,2,2019-10-23 13:16:45,-1 u/s
surf_tiltberg,00:18.0469,2,1,2023-04-14 15:36:28,473 u/s
surf_tiltberg,00:25.6875,1,3,2023-04-13 23:10:27,-1 u/s
surf_tiltberg,00:10.1953,2,4,2023-04-07 16:34:55,-1 u/s
surf_tiltberg,00:30.5508,3,6,2023-04-06 11:12:54,366 u/s
surf_timber,00:05.7773,16,1,2021-01-10 10:09:01,499 u/s
surf_togo_njv,00:13.5703,3,1,2020-01-22 22:54:08,518 u/s
surf_torque2_njv,00:12.9609,7,1,2018-02-09 13:52:44,1529 u/s
surf_torque_,00:09.0469,2,1,2020-07-22 00:39:57,508 u/s
surf_torque_,00:06.1758,32,2,2017-11-14 13:36:47,406 u/s
surf_torrent_njv_fix,00:12.0117,107,1,2018-02-22 00:59:13,496 u/s
surf_trance_ksf,00:11.3086,22,1,2019-03-24 02:28:18,154 u/s
surf_tranquil,00:17.7539,13,1,2020-08-01 09:39:45,506 u/s
surf_tranquil,00:20.1094,7,3,2020-08-02 10:27:22,-1 u/s
surf_tranquility,00:11.6250,29,1,2017-11-18 00:21:25,394 u/s
surf_treasurehunt_go,00:14.6484,41,1,2021-01-25 11:57:45,370 u/s
surf_treasurehunt_go,00:06.8555,4,2,2021-01-25 12:10:27,370 u/s
surf_trihard_go,00:22.8164,1,1,2021-12-26 04:54:34,509 u/s
surf_trihard_go,00:17.6953,1,2,2021-12-26 04:28:58,-1 u/s
surf_tronic_njv,00:04.5234,8,1,2018-09-19 23:47:33,318 u/s
surf_tronic_njv,00:05.2617,4,2,2020-04-27 07:31:28,-1 u/s
surf_tropic,00:18.5742,4,1,2023-04-05 20:33:50,498 u/s
surf_tropic,00:14.6367,28,2,2023-04-05 20:47:50,256 u/s
surf_tropic,00:10.5586,5,3,2023-04-05 21:03:13,256 u/s
surf_tropic,00:14.8945,3,4,2023-04-09 12:22:53,509 u/s
surf_tropic,00:10.9805,1,5,2023-04-09 13:22:03,0 u/s
surf_tycho,00:09.7500,24,1,2021-06-28 07:17:18,509 u/s
surf_tycho,00:14.2500,9,2,2021-06-28 10:43:38,492 u/s
surf_tycho,00:13.0664,7,3,2021-06-28 10:18:40,-1 u/s
surf_tycho,00:12.4805,15,4,2021-06-28 07:48:20,497 u/s
surf_uhhh_fix,00:09.0000,45,1,2020-01-21 23:19:19,369 u/s
surf_uhhh_fix,00:09.5859,6,2,2020-01-21 23:42:30,-1 u/s
surf_undergrowth,00:39.3516,2,1,2022-05-17 15:44:35,465 u/s
surf_undergrowth,00:11.5898,4,2,2022-05-17 15:27:43,-1 u/s
surf_unitflex,00:14.2031,6,1,2023-04-09 17:09:32,498 u/s
surf_vale,00:08.8359,3,1,2020-11-30 10:30:07,513 u/s
surf_vale2,00:12.7383,42,1,2019-01-29 22:38:05,493 u/s
surf_vast,00:19.4648,20,1,2019-11-26 14:57:58,503 u/s
surf_vegetables_fix_,00:06.6211,26,1,2021-10-21 10:47:43,507 u/s
surf_vitun_rotta,00:10.4063,23,2,2020-06-25 03:55:24,-1 u/s
surf_vitun_rotta,00:11.6250,9,3,2020-06-25 04:02:04,-1 u/s
surf_volcanic,00:11.8125,7,1,2018-05-07 22:12:20,402 u/s
surf_volvic,00:09.5039,14,1,2018-05-22 19:32:52,597 u/s
surf_volvic,00:05.8945,17,2,2018-05-22 19:19:01,-1 u/s
surf_voteforthisone,00:18.6445,10,2,2018-09-22 21:06:32,467 u/s
surf_wank,00:07.1719,13,1,2022-10-04 16:10:15,501 u/s
surf_warped,00:43.2188,2,1,2019-12-01 20:13:48,384 u/s
surf_warped,00:16.5000,3,2,2020-01-30 01:16:52,-1 u/s
surf_wasteland2,00:09.3398,5,2,2022-04-27 19:57:42,510 u/s
surf_wasteland2,00:13.3594,1,3,2022-04-29 18:30:04,2052 u/s
surf_wasteland_fix,00:18.1641,7,2,2021-08-14 12:40:44,509 u/s
surf_wasteland_fix,00:16.3242,12,3,2021-08-14 14:13:12,498 u/s
surf_water-run_b5_refix,00:20.0742,103,1,2020-08-04 01:03:07,502 u/s
surf_water-run_banjo_skill,00:08.8242,20,1,2017-11-19 05:13:31,483 u/s
surf_whiteout,00:16.2070,2,1,2020-09-01 03:12:36,509 u/s
surf_whoknows,00:08.6484,99,1,2018-01-13 20:07:10,460 u/s
surf_whoknows2,00:09.7266,31,1,2019-02-20 13:56:06,457 u/s
surf_whoknows3,00:09.4453,33,1,2018-09-15 15:15:48,487 u/s
surf_whoknows3,00:09.4102,18,2,2018-09-15 15:03:28,260 u/s
surf_whoknows3,00:12.1523,1,3,2022-11-10 11:07:41,-1 u/s
surf_wizard,00:07.5938,75,1,2018-06-15 17:02:16,485 u/s
surf_wizard,00:17.3906,44,2,2018-06-15 17:04:40,485 u/s
surf_wizard,00:19.5820,48,3,2018-06-15 17:05:36,485 u/s
surf_wonky_fix,00:04.9805,25,1,2023-03-13 22:05:47,503 u/s
surf_wonky_fix,00:23.1563,7,2,2023-03-14 19:41:42,-1 u/s
surf_wood,00:13.9336,18,1,2018-07-02 18:04:29,464 u/s
surf_yellow,00:10.3945,1,1,2022-01-19 11:17:39,495 u/s
surf_yellow,00:14.2383,4,2,2022-01-19 11:52:50,495 u/s
surf_yellow,00:14.4844,11,4,2022-01-19 11:27:17,495 u/s
surf_zbig2,00:19.8516,3,1,2021-03-07 07:52:15,616 u/s
surf_zen,00:12.6797,96,1,2018-05-14 07:35:37,494 u/s
surf_zen,00:31.2305,34,2,2018-05-14 07:44:03,494 u/s
surf_zen,00:15.8906,30,3,2018-05-14 07:48:39,494 u/s
surf_zen2,00:18.4570,8,1,2018-12-30 19:47:34,590 u/s
surf_zen2,00:21.7617,8,2,2019-08-22 02:57:36,0 u/s
surf_zen2,00:09.8672,13,3,2019-01-06 13:53:23,1710 u/s
surf_zen2,00:18.5742,23,4,2019-08-22 02:50:35,0 u/s
surf_zenith,00:07.8398,13,1,2022-01-28 07:58:09,505 u/s
surf_zen_ez,00:10.9219,16,1,2023-04-11 17:58:42,429 u/s
surf_zeonine_fix,00:22.8633,1,1,2019-10-04 11:47:44,486 u/s
surf_zeonine_fix,00:38.3086,1,2,2019-10-04 12:46:28,275 u/s
surf_zoomboys_csgo,00:23.8828,9,1,2019-01-08 21:05:06,516 u/s
surf_zoomboys_csgo,00:19.6758,28,2,2019-01-08 21:15:37,513 u/s
surf_zor,00:20.6719,39,1,2019-06-28 03:38:07,514 u/s
