Map Name,Rank,Personal Best,Date,Start Speed
surf_004_fix,20,00:34.5352,2018-01-27 23:28:52,486 u/s
surf_25_lighters,2,01:13.1953,2020-11-30 05:58:14,491 u/s
surf_29palms,3,01:48.9258,2021-04-02 06:31:32,507 u/s
surf_2pacisalive,1,00:30.0000,2021-12-13 09:51:27,472 u/s
surf_3,10,00:27.5508,2021-12-07 08:19:41,600 u/s
surf_4head_csgo,29,00:56.0859,2018-02-12 18:08:35,448 u/s
surf_6,3,00:34.8633,2020-09-27 09:01:03,474 u/s
surf_666,47,03:01.5234,2019-07-22 03:26:29,501 u/s
surf_8bit,10,00:57.4805,2021-02-18 07:57:08,514 u/s
surf_abandoned,3,00:54.9141,2023-03-12 22:13:36,511 u/s
surf_abstinens,19,01:03.1172,2018-01-25 18:51:08,470 u/s
surf_abstract_final,117,00:22.1133,2018-01-25 00:53:46,481 u/s
surf_acerbus,14,02:17.0391,2017-12-26 23:52:40,269 u/s
surf_ace_fix,35,00:40.8047,2022-11-20 21:10:13,513 u/s
surf_activation,4,01:01.7109,2020-03-07 02:21:27,504 u/s
surf_adtr_njv,31,00:33.8438,2019-03-28 00:09:43,469 u/s
surf_advanced,16,00:45.9023,2018-12-29 07:40:25,496 u/s
surf_adventure_final,4,01:35.6719,2019-12-07 07:50:04,496 u/s
surf_aether,8,00:44.6836,2021-02-21 00:36:28,492 u/s
surf_again_njv,3,00:47.3320,2020-01-29 02:06:22,423 u/s
surf_agony_go,8,00:43.2891,2022-07-14 21:59:42,501 u/s
surf_aircontrol_ksf__,198,00:36.6797,2018-12-30 20:21:25,475 u/s
surf_akai_final_fix,6,00:33.6797,2020-10-30 15:37:28,477 u/s
surf_amaranthine,9,00:36.5859,2020-12-26 15:01:49,512 u/s
surf_ambient_njv,8,00:33.9141,2018-05-29 22:01:58,480 u/s
surf_ameliorate,57,00:46.7461,2019-01-25 20:32:40,504 u/s
surf_amplitude_apex_njv,1,01:20.0391,2021-06-05 03:03:12,482 u/s
surf_amplitude_encore_nsf_v4,5,00:57.0000,2020-10-27 08:01:07,481 u/s
surf_amplitude_light,2,00:45.2344,2022-12-25 19:25:35,330 u/s
surf_andromeda,67,00:32.1445,2021-01-17 04:13:26,502 u/s
surf_and_destroy,60,00:31.8867,2017-11-19 05:39:44,411 u/s
surf_animals,4,01:36.4102,2018-10-20 18:47:50,342 u/s
surf_annoyance_njv,54,02:32.1875,2018-01-26 18:06:31,478 u/s
surf_anoobis,10,00:40.9688,2022-07-16 17:09:23,486 u/s
surf_anything,4,00:52.4648,2020-02-06 19:09:38,609 u/s
surf_anzchamps,4,01:16.8281,2022-05-05 17:57:37,507 u/s
surf_aphelion,2,00:52.5234,2022-03-24 19:30:47,502 u/s
surf_apollo,11,00:41.7891,2022-04-06 21:49:07,510 u/s
surf_aquaflow,5,00:41.9414,2021-10-10 12:41:51,507 u/s
surf_aqua_fix,7,00:54.2227,2020-08-31 08:48:21,501 u/s
surf_ardon_refix,105,00:58.5352,2019-05-26 05:11:56,510 u/s
surf_artifex,37,03:49.6641,2017-11-22 04:27:21,479 u/s
surf_artois,29,00:49.2188,2022-05-12 16:45:19,515 u/s
surf_aser,63,00:43.2422,2018-12-29 22:15:23,607 u/s
surf_aspiration,5,00:56.1445,2018-09-26 22:50:37,494 u/s
surf_assail,4,00:41.1680,2022-10-22 12:21:37,617 u/s
surf_atlas_1,12,00:32.3203,2020-11-28 10:44:22,547 u/s
surf_atrium,4,00:29.9531,2019-10-21 05:36:53,474 u/s
surf_aura,17,01:14.5313,2021-12-21 06:48:51,491 u/s
surf_autism,54,00:37.8047,2019-08-11 23:37:58,499 u/s
surf_autism_2,5,00:31.4531,2022-12-29 18:55:48,505 u/s
surf_aweles,14,00:41.4609,2019-08-11 23:55:53,506 u/s
surf_axiom_fix,22,00:39.5859,2018-08-21 11:36:26,502 u/s
surf_banger,2,02:02.3203,2022-01-23 04:08:40,502 u/s
surf_before,24,09:58.6172,2019-07-21 23:24:32,420 u/s
surf_beginner,228,00:46.2773,2018-01-29 16:09:36,477 u/s
surf_beginner_hell,41,00:53.4258,2018-01-26 18:36:55,481 u/s
surf_believe_fix,647,01:03.2461,2018-03-21 20:56:53,474 u/s
surf_beneath,1,01:06.4922,2023-02-04 18:49:25,501 u/s
surf_benevolent,169,00:51.4336,2017-10-29 16:58:53,455 u/s
surf_beverages_remix_go,18,01:41.5422,2018-01-20 14:41:20,482 u/s
surf_beyer,2,01:19.4531,2020-09-23 09:08:37,505 u/s
surf_beyer2,4,01:21.8320,2020-11-23 08:43:32,513 u/s
surf_beyond,21,01:57.7031,2019-10-06 21:15:56,518 u/s
surf_blackheart,3,00:53.7422,2022-12-31 11:26:56,260 u/s
surf_blackout_v1,6,00:55.0898,2018-01-15 19:07:19,486 u/s
surf_bluewall,8,00:53.1445,2021-02-27 05:40:58,511 u/s
surf_bob,15,02:17.0391,2020-10-15 07:46:57,495 u/s
surf_boner,7,01:23.1094,2017-11-22 03:53:04,464 u/s
surf_bonkers_v2,21,00:38.0742,2019-08-18 21:31:13,492 u/s
surf_boomer,7,00:57.3164,2023-01-06 16:57:11,511 u/s
surf_borderlands,42,01:30.0586,2022-06-07 17:04:12,491 u/s
surf_boreas,33,00:39.2813,2023-04-16 11:50:13,508 u/s
surf_botanica,3,00:59.0859,2023-04-06 20:16:46,515 u/s
surf_boy_fixed,3,01:32.1328,2021-02-28 07:28:46,512 u/s
surf_brutalist,22,36:39.0586,2017-12-31 21:01:31,467 u/s
surf_bumpybusride,38,00:52.4414,2018-05-25 21:27:46,498 u/s
surf_caged,5,00:48.0352,2022-07-08 18:11:01,486 u/s
surf_calamity_njv_,137,05:09.6680,2018-02-17 12:58:38,480 u/s
surf_calibration,1,01:13.5000,2022-03-17 18:06:46,486 u/s
surf_calycate2,249,00:50.9297,2017-11-09 10:14:24,475 u/s
surf_calycate_ksf,103,00:33.7734,2018-09-24 20:11:29,440 u/s
surf_calzone,46,01:18.3516,2019-01-13 20:24:04,504 u/s
surf_cancer,96,00:46.3828,2017-11-28 00:48:40,423 u/s
surf_cannonball,7,01:11.8359,2020-10-05 11:45:48,494 u/s
surf_catalyst,9,00:53.1094,2018-08-26 16:32:11,459 u/s
surf_catalyst2,1,00:50.1680,2020-10-26 04:39:23,505 u/s
surf_cavemissile_fix,4,00:47.8008,2021-06-07 10:15:15,603 u/s
surf_celestial,5,00:34.3945,2020-09-09 08:51:44,508 u/s
surf_chaos_rg,80,01:31.2070,2017-12-01 03:22:34,463 u/s
surf_chasm_go,2,00:49.7930,2021-03-20 14:45:45,496 u/s
surf_cinnamon,13,00:51.1289,2018-06-21 19:13:13,464 u/s
surf_classics3,9,13:51.1289,2018-10-15 11:55:40,469 u/s
surf_clavius,5,02:38.6953,2018-05-15 02:40:25,604 u/s
surf_colum,77,00:23.8828,2017-12-12 10:00:04,495 u/s
surf_compulsive_njv,9,01:07.7109,2019-03-27 03:23:20,387 u/s
surf_concreteideas,290,01:52.3359,2019-01-01 17:59:10,480 u/s
surf_constrictor_remix,2,00:43.4766,2022-03-19 12:49:39,498 u/s
surf_coralis_ksf-,47,00:54.6445,2017-12-04 06:59:11,501 u/s
surf_corner,24,00:40.6875,2019-03-27 04:50:30,463 u/s
surf_cosmo_go,2,01:00.4922,2022-03-24 12:21:16,474 u/s
surf_cozy,16,01:04.2891,2022-01-16 11:58:56,502 u/s
surf_crackdesert_evo2,7,00:54.3516,2020-12-27 13:14:59,507 u/s
surf_crimson,9,01:06.3047,2022-02-02 10:07:36,503 u/s
surf_crownroyal,17,00:59.2031,2018-05-20 19:41:44,482 u/s
surf_crush2,3,01:03.7031,2021-03-30 13:41:53,500 u/s
surf_crzyfrog_reloaded_refix,9,00:55.4414,2018-09-28 04:42:12,458 u/s
surf_cyanide_njv,5,01:11.9297,2018-03-14 17:25:15,486 u/s
surf_cyberwave,94,00:59.0508,2019-01-29 22:17:31,481 u/s
surf_cyka_ksf,2,01:10.9336,2021-12-30 04:49:21,507 u/s
surf_damn,4,01:10.5469,2018-08-05 09:18:12,488 u/s
surf_dank,16,00:28.5586,2019-03-25 20:34:33,496 u/s
surf_deathstar_fix,52,00:27.8555,2022-07-06 20:20:03,467 u/s
surf_decked,42,01:06.6563,2018-12-22 00:43:55,520 u/s
surf_delight_go,29,00:49.7344,2018-09-13 17:50:16,498 u/s
surf_delta,4,01:24.4453,2018-03-24 18:54:55,484 u/s
surf_delusional_,12,01:10.9922,2018-12-21 02:11:54,386 u/s
surf_deoa,26,01:14.0742,2018-12-16 16:25:40,506 u/s
surf_deprecation,7,01:08.7422,2019-01-03 21:12:31,498 u/s
surf_depths,11,01:09.4219,2020-07-28 13:20:16,544 u/s
surf_derpis_h,7,01:21.1055,2018-08-08 21:54:26,483 u/s
surf_derpis_ksf,5,01:10.6289,2022-04-30 10:52:51,495 u/s
surf_destiny_fixed,2,00:29.8242,2021-12-11 05:27:16,507 u/s
surf_destruction,1,01:03.3633,2022-08-25 12:32:03,509 u/s
surf_deteriorate,2,00:40.5117,2022-09-01 11:15:31,372 u/s
surf_diminsion_,7,00:35.9063,2021-03-28 05:12:36,483 u/s
surf_distraction_v2,55,01:30.0938,2017-12-29 11:20:17,452 u/s
surf_dojo_,7,00:25.5820,2023-04-10 21:03:09,505 u/s
surf_domain,96,00:42.5273,2017-11-21 20:58:53,449 u/s
surf_doodles_njv,29,02:06.5742,2017-08-28 17:02:29,-1 u/s
surf_dova,17,00:45.7266,2018-05-20 18:54:05,501 u/s
surf_dreams,5,00:40.9570,2022-07-29 17:37:35,507 u/s
surf_drifting_go,7,03:34.0898,2018-01-27 03:06:02,512 u/s
surf_driftless_go,2,01:15.1875,2018-09-19 18:33:47,519 u/s
surf_drift_go,4,04:05.9297,2019-08-26 05:22:01,607 u/s
surf_duggywuggy,70,00:40.9219,2017-12-12 10:13:01,591 u/s
surf_dusk,2,01:11.3906,2022-07-20 18:16:32,615 u/s
surf_dynamics_fixed,5,01:05.9883,2017-12-15 16:53:19,320 u/s
surf_dynasty,4,00:55.0781,2021-02-27 04:05:47,495 u/s
surf_eclipse_fix,1,01:01.0898,2021-11-22 07:21:45,498 u/s
surf_ecosystem,2,00:38.9883,2020-09-28 02:54:11,1979 u/s
surf_egypt2,10,00:41.2383,2019-03-04 15:28:28,601 u/s
surf_eldritch,8,00:24.8789,2020-07-22 04:01:34,498 u/s
surf_elites_v2_fix,5,00:29.5078,2019-07-25 07:16:21,522 u/s
surf_ember2,27,01:41.4375,2019-01-10 11:31:29,469 u/s
surf_ember_sns,24,01:09.5859,2018-09-30 17:09:54,443 u/s
surf_embrace,3,01:18.7266,2022-04-26 14:00:23,505 u/s
surf_endeavor,2,02:37.6992,2023-01-24 19:51:45,519 u/s
surf_enlightened,12,00:40.9922,2021-03-26 16:43:52,503 u/s
surf_epicube_ksf,3,00:38.0508,2020-01-09 23:00:50,464 u/s
surf_escape_final,50,00:36.5508,2019-01-06 12:38:38,514 u/s
surf_ethereal,59,01:04.1484,2018-12-21 03:26:34,490 u/s
surf_eunoia,85,00:55.3711,2017-12-03 21:09:40,448 u/s
surf_eventide,4,00:36.4453,2023-01-17 19:08:43,470 u/s
surf_exocube_e,1,00:52.8398,2020-09-27 23:13:39,505 u/s
surf_exocube_h,9,01:27.1758,2018-10-01 21:41:19,499 u/s
surf_exonic,1,01:27.8672,2022-04-15 00:13:19,471 u/s
surf_extend,13,00:41.6367,2023-05-03 18:44:54,519 u/s
surf_extremex,3,01:12.5977,2018-08-16 16:41:04,393 u/s
surf_extrodinaire_3,11,00:34.0664,2019-01-06 12:55:26,474 u/s
surf_exurbia2_csgo,7,00:50.1094,2018-10-03 03:32:34,495 u/s
surf_exurbia_v2,66,00:48.4336,2021-01-16 11:22:32,482 u/s
surf_ezclap,36,01:19.4883,2018-05-27 19:11:36,495 u/s
surf_faint_fix,13,00:38.5898,2018-05-13 04:32:02,520 u/s
surf_fantasy,1,01:12.5273,2022-01-30 10:34:32,512 u/s
surf_fathom,1,00:23.2383,2022-04-02 19:33:23,516 u/s
surf_fiellu,25,00:51.3047,2021-01-13 09:02:55,508 u/s
surf_finesse_final,2,01:22.2305,2019-12-09 04:03:20,515 u/s
surf_fire_eye,15,00:27.3984,2019-11-10 17:58:27,500 u/s
surf_first,55,00:39.5742,2019-11-20 11:38:46,492 u/s
surf_flappybird,17,27:15.9844,2018-05-10 22:53:47,468 u/s
surf_flatliners,4,00:49.2891,2018-10-28 04:50:25,512 u/s
surf_flipv2_go,15,00:48.9141,2021-12-31 05:59:04,495 u/s
surf_flow,6,00:45.5742,2018-02-03 06:21:32,495 u/s
surf_flyin_fortress,5,00:28.5586,2021-11-26 09:58:09,593 u/s
surf_forbidden_swag,9,00:49.1719,2018-12-18 00:24:34,456 u/s
surf_forbidden_tomb2_njv,21,02:24.9258,2018-01-19 23:22:30,582 u/s
surf_forbidden_ways_ksf,41,00:57.7852,2019-03-24 03:11:55,490 u/s
surf_forgotten_fix,62,00:39.3750,2019-11-07 19:08:48,500 u/s
surf_fornax,7,00:45.6797,2019-08-12 22:31:19,508 u/s
surf_forsaken_fix,2,01:01.2070,2022-09-09 20:17:16,502 u/s
surf_fortum,60,01:41.3555,2018-09-03 16:25:39,504 u/s
surf_for_all,6,01:02.4023,2017-12-06 05:18:09,456 u/s
surf_fractal,5,01:26.0273,2022-02-21 11:55:40,493 u/s
surf_frequency_njv,3,00:52.3125,2018-01-04 14:59:46,482 u/s
surf_friday_csgo,17,01:25.0313,2018-10-26 19:22:39,482 u/s
surf_froots_go,18,04:04.5117,2017-11-21 19:53:41,450 u/s
surf_frost,39,00:26.2852,2023-01-12 14:33:40,514 u/s
surf_fruits,462,01:58.5820,2017-10-29 17:11:35,1130 u/s
surf_fuckyall,13,00:44.9180,2022-12-08 15:36:24,508 u/s
surf_funhouse2,8,00:41.6016,2020-02-01 19:51:39,500 u/s
surf_funhouse_fix_,14,00:57.0820,2017-12-19 22:41:59,406 u/s
surf_furios,18,00:40.5703,2021-03-07 09:06:50,357 u/s
surf_garden_go,42,01:15.3750,2020-08-19 22:55:26,503 u/s
surf_garden_h_go,35,05:28.6992,2019-05-24 23:50:15,478 u/s
surf_gary_barlow,3,01:05.8594,2022-10-31 20:00:45,504 u/s
surf_gauntlet_final,1,01:00.0820,2022-10-08 21:12:43,605 u/s
surf_gekyume_circumcision,31,00:50.2031,2019-08-03 13:56:02,493 u/s
surf_generic,4,00:31.6406,2022-03-16 19:07:42,509 u/s
surf_germania,18,04:22.8047,2018-06-28 19:58:52,494 u/s
surf_giza,5,00:46.9336,2021-05-30 11:19:29,611 u/s
surf_glass7,9,00:45.5391,2021-12-31 05:11:09,497 u/s
surf_glass9,113,00:36.6680,2017-11-09 13:02:38,474 u/s
surf_gleam,45,00:36.7031,2019-08-09 21:35:44,492 u/s
surf_gleam2,31,01:04.5117,2019-11-12 18:35:30,507 u/s
surf_globalchaos,4,00:31.0078,2019-09-14 19:09:58,360 u/s
surf_gloomy,3,01:26.1563,2021-08-24 18:22:36,493 u/s
surf_gloom_njv,2,00:59.0742,2022-06-05 13:05:38,490 u/s
surf_golden_a,1,01:23.2031,2022-04-14 23:30:26,512 u/s
surf_gradient,1,02:41.5430,2021-12-13 10:37:11,508 u/s
surf_graphia,2,00:42.0469,2022-06-05 21:04:49,609 u/s
surf_grassland,8,00:36.7266,2021-02-14 07:36:33,499 u/s
surf_greece,4,01:02.7070,2022-12-28 18:40:45,506 u/s
surf_greek,2,01:28.9922,2022-10-26 21:53:39,508 u/s
surf_greenbrick,47,00:37.4531,2018-05-30 23:39:16,486 u/s
surf_grid,7,02:01.4180,2019-02-21 19:48:51,488 u/s
surf_grotto,20,01:12.1758,2020-01-06 19:54:50,491 u/s
surf_guitar_hi,10,00:32.9063,2020-08-19 03:37:56,494 u/s
surf_hades,204,05:30.0938,2018-05-14 20:00:02,297 u/s
surf_hades2,74,02:17.4023,2019-07-02 01:03:42,407 u/s
surf_half_baked,71,01:04.3125,2017-11-19 18:24:12,474 u/s
surf_halloween_fix,5,01:08.6133,2018-05-22 15:49:11,480 u/s
surf_happyhands3,3,01:00.8086,2019-10-02 14:34:13,593 u/s
surf_happyhands_test,7,00:48.4922,2020-11-28 02:16:26,504 u/s
surf_hardline,4,03:50.5430,2023-05-14 19:38:29,504 u/s
surf_hare,3,00:35.0391,2022-10-21 06:45:42,504 u/s
surf_hat,404,01:39.2813,2017-11-15 16:53:18,405 u/s
surf_haze,221,00:40.5938,2017-11-15 22:31:18,340 u/s
surf_heaven,71,00:53.0391,2017-11-13 19:18:43,478 u/s
surf_hektik,4,00:35.2148,2021-09-25 00:39:09,464 u/s
surf_heliosphere,2,00:48.3398,2023-01-15 15:30:52,505 u/s
surf_helium_fix,2,01:04.5703,2020-11-14 11:09:16,507 u/s
surf_hero_fix,6,01:31.6055,2018-08-21 11:38:55,479 u/s
surf_het,15,00:41.7070,2021-03-11 13:35:18,514 u/s
surf_highlands,39,02:03.1758,2017-12-22 21:36:35,485 u/s
surf_hob,12,00:53.5430,2018-10-05 02:32:18,484 u/s
surf_holiday,9,01:14.8828,2020-11-28 11:35:40,388 u/s
surf_hollow,13,00:41.0859,2018-10-09 16:23:05,510 u/s
surf_hope,33,01:16.9453,2017-10-31 20:39:02,481 u/s
surf_hopi_easy,5,00:38.9180,2020-09-28 04:05:57,514 u/s
surf_horizon_njv,1,00:25.4180,2021-02-22 07:49:22,494 u/s
surf_hotrod,1,00:47.5781,2020-09-29 04:09:27,489 u/s
surf_hotwheels,1,00:51.9023,2020-11-09 21:39:38,498 u/s
surf_hourglass,10,00:39.4219,2021-03-12 07:49:50,365 u/s
surf_hurrr,11,00:33.7383,2018-05-23 12:53:31,415 u/s
surf_hydrogen_v2_njv,4,00:53.5195,2019-03-20 21:59:20,468 u/s
surf_iceworld,5,00:34.1367,2019-01-08 10:18:04,500 u/s
surf_illumination2,1,02:05.6016,2018-07-26 18:39:55,479 u/s
surf_illusion,3,01:29.0859,2021-04-27 06:49:01,496 u/s
surf_industries,20,00:59.2734,2018-04-09 18:04:25,2106 u/s
surf_infected_h,3,00:47.6953,2019-12-11 14:08:42,395 u/s
surf_infected_njv,5,00:44.2383,2018-11-07 05:48:08,324 u/s
surf_infrared,2,01:38.6016,2022-05-29 22:02:49,489 u/s
surf_ing_njv,10,01:06.1641,2020-10-27 13:05:22,510 u/s
surf_inrage-,3,00:22.2539,2021-11-15 09:43:45,605 u/s
surf_inrage2,4,00:44.5078,2018-05-05 23:12:42,448 u/s
surf_insideout,3,00:48.7266,2019-02-25 17:20:48,499 u/s
surf_insignia_b1,7,01:31.6055,2017-12-22 18:03:26,603 u/s
surf_inspire,10,00:36.2461,2022-05-10 20:14:55,497 u/s
surf_instantdeath,6,01:24.2813,2023-03-20 18:04:40,57 u/s
surf_interference_csgo,2,00:41.5078,2021-03-20 04:43:24,508 u/s
surf_intra,2,01:41.5664,2021-05-29 02:49:39,512 u/s
surf_in_space_go,4,00:49.8047,2020-12-11 10:14:12,516 u/s
surf_in_the_dark,1,00:58.9922,2022-02-21 11:08:16,501 u/s
surf_island,49,00:57.5742,2019-11-11 19:20:49,499 u/s
surf_ivory,6,00:51.5273,2022-10-22 14:24:21,509 u/s
surf_izded,66,00:48.0586,2018-06-24 15:32:14,512 u/s
surf_jaqen,3,00:44.3438,2022-08-05 00:24:44,502 u/s
surf_jive,4,00:35.6250,2023-03-15 19:02:38,506 u/s
surf_journeys_final,14,00:51.1641,2019-01-27 14:44:30,359 u/s
surf_junglespic_ksf-,2,00:30.0000,2020-11-17 11:59:21,517 u/s
surf_jusched,2,01:09.8789,2017-12-24 22:18:11,590 u/s
surf_juturna,37,00:41.0859,2018-02-08 19:15:48,510 u/s
surf_kalium2,3,01:27.2813,2018-10-30 07:49:43,594 u/s
surf_kepler,2,01:01.0781,2022-08-07 16:30:00,502 u/s
surf_kimetrik,5,00:57.9844,2021-05-30 12:38:42,491 u/s
surf_kinshi,50,00:42.7266,2018-03-15 22:41:39,407 u/s
surf_kismet,1,00:35.0273,2022-10-20 21:44:55,485 u/s
surf_kitsune_fix,31,01:01.5000,2018-07-30 06:18:33,417 u/s
surf_kloakk,23,00:47.5898,2020-03-13 10:37:19,512 u/s
surf_koa,1,00:54.0469,2022-04-17 14:42:52,510 u/s
surf_krow10,9,00:26.0039,2021-06-06 04:31:54,605 u/s
surf_kvas,9,00:36.8672,2023-04-15 15:56:47,495 u/s
surf_kz_mix_journeys,3,01:02.0977,2020-08-13 01:23:04,580 u/s
surf_kz_protraining,1,01:08.5313,2020-11-21 10:27:43,509 u/s
surf_lament_n2p,4,00:54.6445,2020-08-19 04:39:14,590 u/s
surf_leesriize,3,01:25.6172,2020-12-06 07:01:09,436 u/s
surf_leet_xl_beta7z_,15,00:15.5859,2020-11-28 03:53:25,346 u/s
surf_legends_lite,29,00:30.7969,2019-08-05 09:39:33,500 u/s
surf_lessons,2,00:36.8320,2022-10-31 17:42:06,483 u/s
surf_lianfora,2,00:49.8984,2022-08-27 22:38:17,505 u/s
surf_life_of_cow,7,01:38.6250,2018-06-04 21:41:27,501 u/s
surf_life_of_duck,4,00:33.7852,2021-12-05 01:26:17,507 u/s
surf_lighrust_easy,48,00:38.6367,2019-01-06 13:11:08,487 u/s
surf_lighthouse,4,00:59.6367,2021-12-11 10:15:50,505 u/s
surf_like_this,4,01:38.0391,2022-12-12 19:53:19,506 u/s
surf_limbo_go,2,01:39.5156,2021-01-15 10:14:51,505 u/s
surf_lockdown,29,00:35.8477,2021-02-13 05:02:35,484 u/s
surf_loentra_easy,5,00:49.8281,2020-12-23 10:51:32,508 u/s
surf_lolrevlis2,3,00:22.5938,2018-10-22 20:30:13,581 u/s
surf_lore_fix,212,01:34.4883,2020-11-20 08:32:49,518 u/s
surf_lost,5,01:22.2422,2021-12-29 12:50:09,517 u/s
surf_love,23,03:52.7344,2018-10-02 22:16:41,331 u/s
surf_lovetunnel,13,00:43.6406,2023-02-06 18:29:29,508 u/s
surf_lovhon,4,00:38.9531,2021-02-27 23:10:11,504 u/s
surf_loweffort,4,01:00.3047,2021-12-31 05:35:21,499 u/s
surf_lowestbidder,10,00:34.4648,2022-05-10 19:42:35,496 u/s
surf_low_production,38,00:54.2930,2018-05-07 20:51:32,502 u/s
surf_lo_tek,8,00:47.8125,2019-03-02 23:50:11,506 u/s
surf_lt_unicorn_official,4,01:00.8203,2019-01-24 00:21:53,609 u/s
surf_lullaby_ksf,6,00:49.3828,2020-04-02 01:28:45,485 u/s
surf_lullaby_redone_njv,1,00:51.0938,2023-04-11 14:23:45,511 u/s
surf_lux,26,00:31.2773,2020-11-28 04:29:58,508 u/s
surf_map_h,1,01:18.9492,2019-10-18 22:48:41,392 u/s
surf_map_njv,3,01:17.6016,2019-10-17 21:16:24,417 u/s
surf_marbleblast_e,14,01:07.1836,2021-01-10 10:51:21,474 u/s
surf_mario_fix,2,01:16.6758,2023-06-06 13:07:52,497 u/s
surf_masonry-,1,00:54.2813,2022-01-12 09:37:11,522 u/s
surf_mate,3,00:55.4766,2021-10-16 02:03:08,503 u/s
surf_mayday,12,01:24.0703,2023-01-24 20:43:22,514 u/s
surf_mdrn,12,00:43.1836,2018-07-25 22:12:12,493 u/s
surf_me,31,01:46.1484,2018-08-16 17:29:21,491 u/s
surf_mellow,30,00:31.6758,2018-05-21 21:25:33,531 u/s
surf_meme,2,02:07.2188,2021-01-17 03:52:58,481 u/s
surf_memories,3,00:47.7773,2018-12-09 21:23:16,483 u/s
surf_meridional,15,00:47.2734,2019-01-06 13:44:08,471 u/s
surf_mesa_aether_fix,2,01:16.0430,2022-03-05 15:11:57,459 u/s
surf_mesa_fixed,36,00:49.3945,2020-08-13 04:00:51,495 u/s
surf_mesa_mine,7,01:00.6445,2022-01-02 10:35:51,502 u/s
surf_mesa_revo_go,10,00:47.0156,2020-10-18 05:17:36,496 u/s
surf_metalwall-,3,00:44.7773,2018-02-07 17:51:36,618 u/s
surf_methadone,9,01:08.0391,2018-10-25 19:38:20,497 u/s
surf_milkyway,3,00:58.9453,2022-05-07 11:36:42,608 u/s
surf_minecraft,4,00:42.7383,2023-03-14 17:44:02,589 u/s
surf_minecraft_2016_final,5,00:36.9141,2020-11-17 11:08:16,488 u/s
surf_minecraft_2020,7,00:57.8906,2019-12-09 00:52:38,611 u/s
surf_minimumwage,2,02:09.0820,2019-08-21 02:11:32,611 u/s
surf_misty_,28,00:30.2695,2017-11-11 22:21:26,491 u/s
surf_mjk,34,00:28.8750,2022-08-03 18:52:35,514 u/s
surf_molstration,91,00:44.9648,2018-01-19 17:25:51,582 u/s
surf_mom_fix,162,00:42.3984,2018-08-05 18:04:02,478 u/s
surf_monolith,5,00:52.0547,2019-02-01 23:11:00,377 u/s
surf_monotony,4,01:36.1289,2021-03-23 09:22:05,511 u/s
surf_moonkingdom,6,00:31.9102,2022-12-05 16:35:51,613 u/s
surf_morbid,152,06:47.0156,2019-03-02 21:45:27,624 u/s
surf_mwag_reloaded,4,02:43.4297,2019-11-23 19:27:21,597 u/s
surf_nascent_csgo,11,01:49.0898,2020-01-17 02:22:09,492 u/s
surf_nebula,94,00:44.5313,2018-06-06 02:34:33,493 u/s
surf_nemesis,1,00:48.3047,2022-04-03 11:33:41,519 u/s
surf_neon_final,35,00:32.7422,2019-11-20 04:51:53,501 u/s
surf_neoteric,128,03:34.3008,2017-12-10 03:33:54,480 u/s
surf_neo_njv,179,00:38.3320,2017-10-29 14:49:01,444 u/s
surf_network_2009_njv,41,00:37.6875,2018-08-22 19:39:53,320 u/s
surf_network_2013,6,01:10.8633,2018-03-22 23:19:15,591 u/s
surf_newb_hazard_r1,1,00:20.2969,2022-06-27 20:26:18,508 u/s
surf_nibiru,2,00:46.8867,2023-05-11 18:47:43,495 u/s
surf_ninja_go_b5,27,00:56.0039,2017-11-16 16:46:18,468 u/s
surf_noble_csgo,19,01:13.8984,2018-05-23 13:31:25,475 u/s
surf_not_so_beginner,16,00:46.8398,2022-05-05 18:10:09,493 u/s
surf_not_so_disaster,15,01:12.9141,2018-02-23 21:12:22,486 u/s
surf_not_so_generated,2,02:04.9219,2022-10-03 17:46:27,495 u/s
surf_not_so_hentai,18,00:58.7344,2021-01-09 13:18:31,496 u/s
surf_not_so_quick,17,01:34.3359,2018-09-20 02:39:50,488 u/s
surf_not_so_sinister,41,01:09.4453,2018-09-02 12:02:17,492 u/s
surf_not_so_zen_fix,6,01:48.2109,2018-02-17 16:21:13,502 u/s
surf_nova,37,00:39.8672,2021-08-15 13:03:06,503 u/s
surf_nuclear,5,00:56.3555,2022-07-12 22:01:47,511 u/s
surf_numbers2,1,01:28.9805,2018-10-31 00:10:57,368 u/s
surf_nyx,83,00:41.1914,2023-03-14 11:10:53,518 u/s
surf_ny_platinum,2,01:12.4688,2021-03-06 22:56:39,492 u/s
surf_ny_superhappiest_b3_fix,11,00:40.7461,2020-01-14 00:19:09,493 u/s
surf_n_bhop_beta1,14,00:29.4844,2017-12-26 21:22:10,480 u/s
surf_n_turf,29,01:04.1953,2021-04-26 10:47:48,497 u/s
surf_oasis,346,01:51.3984,2019-05-26 21:30:03,509 u/s
surf_occur,19,00:51.4336,2018-01-08 16:18:28,464 u/s
surf_odyssey_fixed,2,00:27.9258,2020-10-15 10:50:55,322 u/s
surf_offskill,3,25:40.0547,2022-02-12 01:01:02,343 u/s
surf_olympics_sns,31,01:34.5586,2018-01-04 08:52:01,470 u/s
surf_oma,65,00:51.1758,2021-06-09 11:05:07,513 u/s
surf_omnibus_sns,30,02:01.0664,2017-11-20 01:26:07,600 u/s
surf_oompa2,2,00:32.3438,2020-08-31 03:51:25,509 u/s
surf_oompa_loompa_,1,00:42.3984,2020-12-15 07:01:27,561 u/s
surf_opus,3,00:58.5000,2020-10-25 12:11:05,510 u/s
surf_orbion_x,2,01:11.7070,2021-11-27 04:52:41,492 u/s
surf_original,4,01:52.7109,2020-05-05 22:26:09,505 u/s
surf_orthodox_fix,132,03:10.4063,2018-09-19 13:16:31,484 u/s
surf_our,26,01:06.5508,2019-10-03 23:18:43,499 u/s
surf_overgrowth,4,02:53.9648,2018-05-13 02:53:58,353 u/s
surf_pads,2,01:19.2891,2023-03-06 20:45:59,489 u/s
surf_palais,3,00:34.8047,2022-05-05 19:00:36,512 u/s
surf_palm_fix,19,00:38.4609,2021-01-09 14:10:14,517 u/s
surf_pandemonium,3,01:12.5391,2018-10-21 01:25:17,480 u/s
surf_pandora,2,00:51.1289,2022-02-20 03:30:22,505 u/s
surf_pantheon,33,00:44.1914,2023-04-07 17:23:38,508 u/s
surf_papertown,33,00:25.8164,2022-01-26 08:00:48,511 u/s
surf_parachutes,4,02:23.9766,2021-05-08 11:56:42,515 u/s
surf_paradigm,3,00:51.4570,2021-06-27 11:12:32,516 u/s
surf_paradise,15,01:00.4453,2021-06-06 04:10:19,497 u/s
surf_paranoid_enigma,4,01:22.2305,2019-10-06 15:39:14,612 u/s
surf_pathfinder,9,00:39.3516,2019-08-16 17:28:42,508 u/s
surf_pepega2,3,00:40.4297,2019-07-30 17:01:34,510 u/s
surf_petrus,32,00:51.2109,2018-03-15 21:53:46,509 u/s
surf_physics,15,00:23.4023,2021-08-15 13:38:45,513 u/s
surf_piano,149,01:19.9805,2018-09-16 16:12:13,461 u/s
surf_pinkbash,37,00:28.6406,2017-12-03 09:20:12,476 u/s
surf_pinkcubes_fix,3,00:37.2070,2019-08-21 03:13:41,511 u/s
surf_placid,8,00:57.1523,2018-01-05 15:24:48,484 u/s
surf_pls,4,02:00.6797,2019-09-15 19:57:05,503 u/s
surf_polonia,27,06:23.7773,2021-01-22 08:41:25,498 u/s
surf_polytron,2,00:42.5977,2022-02-06 08:06:48,458 u/s
surf_porn_fix,23,00:54.9961,2019-03-06 03:21:31,520 u/s
surf_pox,22,00:27.3398,2021-02-14 07:09:56,493 u/s
surf_pox_revamp,12,00:28.3359,2022-11-29 14:28:32,501 u/s
surf_prelude_ksf,11,00:42.7852,2020-11-28 00:35:22,507 u/s
surf_premium,6,01:26.5430,2021-12-30 12:37:13,513 u/s
surf_presmon_fix_snk,3,00:38.6602,2021-03-05 07:48:14,633 u/s
surf_prevail,1,00:51.1172,2022-09-26 13:15:13,610 u/s
surf_primero,1,01:03.1641,2019-09-14 20:08:50,486 u/s
surf_prime_time_r3vamp-,22,00:24.2578,2019-01-25 00:34:07,471 u/s
surf_princess,8,00:31.4063,2019-03-29 20:14:06,506 u/s
surf_prismatic_fix,2,00:29.4023,2022-10-14 23:03:32,612 u/s
surf_progress,7,00:57.7148,2021-12-23 07:57:24,500 u/s
surf_prolix,2,00:46.2422,2020-11-30 05:26:50,494 u/s
surf_proximity_final,31,01:40.4883,2018-07-01 21:08:00,495 u/s
surf_psychedelia,14,00:40.1953,2020-05-14 00:54:15,512 u/s
surf_psycho_njv,7,00:54.9492,2019-03-09 18:35:30,478 u/s
surf_pyzire,2,00:41.8828,2020-12-14 00:32:21,502 u/s
surf_quantum_njv,4,00:33.2227,2018-09-18 18:49:13,495 u/s
surf_quartus_ksf,3,01:06.2461,2018-10-04 18:48:49,494 u/s
surf_quasar_njv,65,03:22.6406,2017-11-13 22:23:06,603 u/s
surf_quattro-,2,01:11.9648,2019-01-24 17:26:24,329 u/s
surf_queen_of_the_ween,5,00:37.1016,2020-01-30 05:49:18,511 u/s
surf_quilavar-,1,00:48.4102,2020-09-28 10:44:04,486 u/s
surf_quirky,1,00:20.1914,2023-02-09 19:46:57,504 u/s
surf_ragequit_,55,02:11.4727,2020-09-21 12:51:44,482 u/s
surf_rainbow,14,01:13.6523,2019-08-05 09:14:17,506 u/s
surf_rapid_njv,16,00:36.0703,2022-03-30 19:17:46,395 u/s
surf_raq2,7,00:32.5898,2023-01-25 16:44:29,497 u/s
surf_ravine_go,151,00:36.2930,2021-04-26 08:45:02,480 u/s
surf_razer_final,4,00:41.8711,2020-12-12 10:17:07,478 u/s
surf_rebel_resistance_njv,9,00:26.9414,2020-08-21 10:20:55,510 u/s
surf_rebel_scaz_njv,2,00:22.1719,2023-03-11 13:23:52,508 u/s
surf_reblis_final,99,00:32.0508,2017-11-06 22:51:35,473 u/s
surf_reflex_go,1,00:57.2227,2020-08-19 04:13:50,504 u/s
surf_remeanian,7,01:08.2383,2022-01-02 16:27:51,480 u/s
surf_replicant,6,01:27:21.0352,2020-09-19 11:12:28,510 u/s
surf_reprise,2,00:55.5820,2020-08-31 04:18:46,512 u/s
surf_reprise_h,7,01:03.1875,2018-07-06 04:52:00,492 u/s
surf_resort_,41,01:09.8203,2018-02-17 12:30:35,487 u/s
surf_retroartz_s,10,00:42.6797,2018-08-19 04:37:22,1905 u/s
surf_revolution,4,02:14.9883,2020-10-30 10:19:48,491 u/s
surf_reytx,78,00:46.9688,2019-08-08 12:27:21,506 u/s
surf_rez,61,01:28.8164,2017-11-19 04:14:23,464 u/s
surf_rez2,5,02:06.5391,2018-11-12 12:53:03,500 u/s
surf_rgb,2,00:40.4883,2021-12-05 07:24:19,492 u/s
surf_ripper,60,01:17.6016,2017-12-17 12:01:05,447 u/s
surf_road_to_hell,2,01:28.6641,2021-03-13 16:34:28,501 u/s
surf_rolly_fix,7,02:20.1563,2020-04-30 22:07:59,525 u/s
surf_roman,15,00:33.6563,2020-01-29 01:31:51,464 u/s
surf_rooftopsv2,7,01:09.1523,2021-04-26 11:39:08,493 u/s
surf_rookie,21,02:30.4570,2018-08-26 06:24:17,464 u/s
surf_rookie2,6,01:12.2813,2022-04-30 08:47:05,492 u/s
surf_roomservice_2,86,00:59.1094,2018-09-25 15:54:17,471 u/s
surf_roomservice_3,5,00:42.0117,2022-10-28 17:46:52,491 u/s
surf_royal,1,00:45.6328,2022-06-05 13:54:28,478 u/s
surf_rst,19,01:28.2422,2018-08-28 03:18:33,486 u/s
surf_rstar,1,00:24.6445,2023-02-06 20:00:28,509 u/s
surf_rubiks_cube,15,01:36.8555,2022-03-12 13:38:44,509 u/s
surf_runewords,21,01:48.3984,2019-02-10 17:06:24,516 u/s
surf_salvador,13,00:33.9609,2022-07-03 20:15:33,492 u/s
surf_salvation,2,00:48.0234,2020-09-14 01:46:13,496 u/s
surf_salvia,4,00:41.7539,2020-12-03 08:03:45,501 u/s
surf_sandbrick,1,01:18.8086,2019-09-16 23:49:24,499 u/s
surf_sandman_v2,2,01:30.6211,2018-07-26 23:51:13,1638 u/s
surf_sandstorm2,2,01:07.8516,2020-05-07 09:29:27,524 u/s
surf_sandtrap2,156,00:49.2188,2018-07-13 18:37:05,492 u/s
surf_satellite_fix,7,00:35.2148,2023-01-01 18:58:55,606 u/s
surf_saturday_fix,77,00:49.5352,2018-03-01 17:24:43,499 u/s
surf_saya,3,00:57.6328,2022-06-06 20:33:15,496 u/s
surf_school_kzg,2,00:43.8867,2020-08-04 08:57:31,499 u/s
surf_scientist,7,01:14.2148,2021-06-19 00:28:26,500 u/s
surf_scorch_go,1,00:36.4453,2020-10-13 02:48:01,506 u/s
surf_seaside,2,01:45.8672,2023-02-11 16:13:47,506 u/s
surf_seasons_fixed,22,00:53.9531,2018-07-31 00:12:04,501 u/s
surf_seaworld_fix,4,00:25.9453,2019-01-30 17:10:41,423 u/s
surf_second_ksf,19,00:50.6719,2018-10-04 19:38:34,468 u/s
surf_semesterbreak_fix,1,00:52.7930,2020-11-08 19:14:43,497 u/s
surf_sensation,2,01:17.5195,2018-04-09 18:42:13,467 u/s
surf_sentient,2,00:59.8945,2018-10-21 23:57:30,614 u/s
surf_seraph,8,00:54.9844,2020-10-31 09:01:50,513 u/s
surf_serenity,6,01:17.9063,2017-12-16 21:04:31,486 u/s
surf_serenity2,6,01:23.0273,2021-04-02 03:03:28,496 u/s
surf_sewers,4,00:50.3789,2018-07-26 16:52:08,387 u/s
surf_sewertunnel,7,00:50.5547,2023-05-23 18:39:55,504 u/s
surf_sexplizooimed,11,02:18.7031,2017-11-29 21:21:26,485 u/s
surf_sh,15,00:58.8047,2017-11-28 18:08:52,475 u/s
surf_shodan,1,01:16.7578,2023-04-25 10:31:23,608 u/s
surf_shoria,9,01:30.5859,2018-05-06 17:55:52,471 u/s
surf_simpsons_go_rc2,9,01:14.9063,2019-03-20 17:50:03,479 u/s
surf_singletons,1,00:22.9805,2022-04-03 16:28:24,495 u/s
surf_sinsane2_fix,2,01:08.0859,2022-12-30 19:29:30,522 u/s
surf_sinsane_ksf,3,00:36.3633,2022-11-28 20:36:59,499 u/s
surf_sippysip,3,01:00.0117,2022-03-19 21:40:54,511 u/s
surf_sirius,4,00:49.3008,2022-01-31 10:41:01,501 u/s
surf_si_fa,45,01:25.8867,2020-11-15 22:40:47,509 u/s
surf_sketchy,42,00:37.6055,2018-12-25 19:53:34,474 u/s
surf_skipalot,30,00:44.7891,2019-10-20 02:38:04,473 u/s
surf_skyborn,3,01:02.9883,2020-10-20 10:20:16,484 u/s
surf_sky_ages,120,01:30.7734,2017-11-20 00:28:15,260 u/s
surf_slob,9,00:56.6836,2021-11-27 02:54:35,506 u/s
surf_slobs,17,02:58.8984,2022-02-09 10:56:11,473 u/s
surf_sluice2,3,01:38.2852,2022-09-19 23:48:19,607 u/s
surf_smaragd,225,02:35.7070,2017-12-02 16:07:34,473 u/s
surf_smile,5,00:59.6250,2018-01-06 10:29:30,465 u/s
surf_sodacity,3,00:41.0977,2022-03-13 18:36:38,501 u/s
surf_something_serious,3,00:38.4258,2018-11-09 13:25:53,513 u/s
surf_sos,4,00:43.7578,2022-07-05 15:32:00,510 u/s
surf_southpark_fix,3,00:52.4180,2021-01-09 13:11:21,536 u/s
surf_spectra,6,01:32.2500,2019-03-18 07:29:22,506 u/s
surf_starfire_csgo,12,00:45.7148,2020-10-09 11:02:41,498 u/s
surf_stargaze_csgo,4,01:06.5742,2021-09-18 00:37:20,506 u/s
surf_stickybutt_alpha,4,01:05.4258,2018-09-03 13:43:27,488 u/s
surf_stonework2,3,01:02.0156,2018-12-23 21:42:24,359 u/s
surf_stonks,8,01:04.9805,2021-03-07 12:21:10,503 u/s
surf_strafe,1,00:32.7188,2022-05-14 00:23:43,603 u/s
surf_subway,24,00:39.4922,2018-01-16 19:27:53,484 u/s
surf_summer,30,02:29.3086,2018-12-29 08:32:31,497 u/s
surf_summit,139,00:42.2109,2020-08-19 22:41:46,519 u/s
surf_sundown_njv,19,00:58.0898,2019-08-13 19:38:32,501 u/s
surf_sunnyhappylove,7,01:17.0508,2022-05-05 18:28:09,504 u/s
surf_sup_,9,00:55.5352,2019-08-04 17:56:00,426 u/s
surf_surprise,12,00:37.3008,2021-08-13 12:52:22,501 u/s
surf_sylvan,2,00:59.1094,2020-04-04 00:17:30,427 u/s
surf_syria_,5,01:15.0938,2018-08-25 05:10:36,478 u/s
surf_syria_again_,5,01:17.3906,2019-07-23 04:01:22,482 u/s
surf_take1,15,00:46.0547,2018-01-22 13:39:10,479 u/s
surf_techsune,2,00:32.1797,2022-07-28 19:05:08,477 u/s
surf_teho_v1,5,01:04.6641,2022-01-02 11:00:16,499 u/s
surf_telstar,5,00:30.1172,2019-04-25 21:53:48,428 u/s
surf_tempest,28,00:40.1719,2020-08-11 23:49:36,498 u/s
surf_tensile_njv,17,00:46.6875,2020-09-25 10:33:42,492 u/s
surf_tenzo,14,00:28.7578,2020-11-18 10:50:06,503 u/s
surf_tequila,4,00:26.9063,2022-05-05 09:21:17,510 u/s
surf_theme,6,02:46.0313,2020-05-08 04:34:21,503 u/s
surf_theodor,6,01:13.3242,2021-08-01 22:20:41,514 u/s
surf_thesteve,20,02:44.9883,2021-04-10 12:18:35,501 u/s
surf_theunexpected,3,00:50.0742,2021-08-15 19:55:13,508 u/s
surf_the_gloaming_rat,62,00:45.6914,2018-02-21 18:47:48,476 u/s
surf_thicket,2,00:35.3086,2022-05-21 11:00:52,484 u/s
surf_this_njv,2,00:55.9688,2021-12-25 03:47:28,504 u/s
surf_tiltberg,3,00:49.7109,2023-04-07 16:16:38,512 u/s
surf_timber,1,01:04.1016,2021-01-10 10:45:04,494 u/s
surf_tioga060,5,01:14.7070,2019-09-24 00:15:16,506 u/s
surf_togo_njv,1,00:39.8555,2022-03-26 20:00:17,489 u/s
surf_tomb_redone,11,00:31.5820,2018-08-06 12:22:40,469 u/s
surf_torrent_njv_fix,3,00:53.5313,2020-03-27 10:56:22,494 u/s
surf_trance_ksf,2,00:43.6289,2020-12-14 08:54:35,388 u/s
surf_treasurehunt_go,3,00:37.8867,2021-01-25 11:48:51,494 u/s
surf_treefort,43,16:23.8594,2017-11-16 21:55:07,482 u/s
surf_triggered_hz,2,01:30.0234,2019-01-19 15:41:46,466 u/s
surf_tronia_njv,3,00:42.2930,2018-07-25 15:57:12,489 u/s
surf_tron_njv,3,00:32.0742,2019-01-18 13:59:00,609 u/s
surf_tropic,4,01:40.4063,2023-04-05 20:16:36,500 u/s
surf_twilight,10,01:03.9844,2017-12-27 00:51:46,444 u/s
surf_uhhh_fix,28,00:37.4766,2020-01-15 19:50:08,500 u/s
surf_ultimatum,3,01:11.3555,2018-05-20 17:29:40,391 u/s
surf_undergrowth,5,01:00.7617,2022-05-14 10:42:03,503 u/s
surf_unknown,89,00:52.5469,2018-01-05 14:27:13,443 u/s
surf_unraveled,1,01:06.3281,2020-07-02 03:29:53,483 u/s
surf_unreal_njv,1,00:59.6016,2020-10-18 09:23:12,586 u/s
surf_urban,14,00:56.1328,2018-01-05 08:15:29,465 u/s
surf_utopia_night,68,00:54.1523,2020-10-01 09:00:21,514 u/s
surf_utopia_njv,138,00:54.5742,2017-11-07 06:57:23,497 u/s
surf_vale,3,01:05.6484,2022-11-01 18:55:33,505 u/s
surf_vale2,23,01:27.3164,2019-01-29 22:35:47,498 u/s
surf_verge,4,00:37.5352,2022-01-29 11:45:52,498 u/s
surf_vienna,3,00:45.2695,2021-10-03 03:39:30,499 u/s
surf_void,12,00:38.8711,2022-08-08 12:30:36,613 u/s
surf_volcanic,2,00:48.7852,2020-12-16 08:36:47,514 u/s
surf_volvic,16,00:34.1133,2018-03-22 21:06:27,488 u/s
surf_voteforthisone,8,01:49.9570,2018-09-24 15:06:19,488 u/s
surf_wank,2,00:57.0586,2022-09-18 20:19:37,512 u/s
surf_warped,18,01:06.8672,2020-01-30 01:36:06,498 u/s
surf_wasteland2,3,01:16.1016,2022-04-29 17:46:09,508 u/s
surf_wasteland_fix,8,01:20.2031,2021-08-14 14:47:12,493 u/s
surf_water-run_b5_refix,72,00:24.6797,2020-08-04 01:05:49,489 u/s
surf_water-run_banjo_skill,37,00:34.7227,2017-11-19 05:05:07,475 u/s
surf_waterworks,7,01:14.8359,2019-08-12 00:20:35,509 u/s
surf_whiteout,59,00:55.2773,2019-05-25 23:32:38,606 u/s
surf_whoknows,78,01:07.7695,2018-01-13 21:22:39,477 u/s
surf_whoknows2,60,01:02.4961,2019-02-20 13:51:20,495 u/s
surf_whoknows3,7,01:05.6367,2023-02-04 12:10:32,507 u/s
surf_windrunner_final,109,00:34.2070,2018-01-14 17:38:03,489 u/s
surf_wonky_fix,1,00:37.3125,2023-03-14 11:40:15,509 u/s
surf_wood,12,00:36.2227,2020-07-28 08:00:22,515 u/s
surf_year3000-,24,00:27.5156,2020-10-14 11:25:34,502 u/s
surf_yellow,4,00:55.4648,2021-11-13 05:06:32,501 u/s
surf_z,2,01:43.4414,2018-05-09 18:13:23,468 u/s
surf_zbig2,3,01:47.7773,2018-08-21 16:56:27,496 u/s
surf_zealand,7,00:49.3477,2022-09-04 22:07:08,490 u/s
surf_zen,26,01:31.5703,2018-06-21 20:06:53,500 u/s
surf_zenith,4,00:39.8438,2022-01-29 06:14:07,523 u/s
surf_zen_ez,2,00:45.9727,2023-04-11 19:22:15,462 u/s
surf_zeonine_fix,3,02:10.7227,2019-09-29 19:50:00,481 u/s
surf_zion,4,01:03.0234,2018-05-05 19:54:36,401 u/s
surf_zoomathon,2,01:45.2344,2020-09-01 02:38:02,456 u/s
surf_zoomboys_csgo,36,01:01.3828,2019-01-08 21:24:25,512 u/s
surf_zor,31,00:35.4609,2020-08-04 00:48:07,508 u/s
